Date;Electrolyseur;I_kA;U_V;QHCl_L_h;%O2_Mesure
2025-01-01;303;13,5;346,1;171,9;0,17
2025-01-01;304;13,4;346,3;181,2;0,14
2025-01-01;305;13,9;347,5;170,5;0,12
2025-01-01;306;13,5;346,7;166,4;0,3
2025-01-01;307;13,8;347,2;166,7;0,29
2025-01-02;303;14,5;349,2;188,4;0,16
2025-01-02;304;14,1;348,2;184,5;0,2
2025-01-02;305;14,0;347,6;167,8;0,17
2025-01-02;306;14,2;348,3;180,9;0,18
2025-01-02;307;14,4;349,0;176,5;0,1
2025-01-03;303;15,2;351,1;202,2;0,25
2025-01-03;304;14,8;350,0;198,4;0,12
2025-01-03;305;15,2;350,7;195,6;0,14
2025-01-03;306;15,1;350,5;199,1;0,31
2025-01-03;307;15,3;351,4;192,4;0,2
2025-01-04;303;13,4;346,2;175,6;0,22
2025-01-04;304;13,0;345,2;170,8;0,22
2025-01-04;305;13,2;345,6;166,4;0,25
2025-01-04;306;13,5;346,4;176,8;0,24
2025-01-04;307;12,9;344,7;159,6;0,18
2025-01-05;303;14,0;347,8;172,4;0,28
2025-01-05;304;14,3;348,8;182,7;0,28
2025-01-05;305;13,6;346,7;166,0;0,3
2025-01-05;306;13,7;346,9;174,8;0,11
2025-01-05;307;14,3;348,5;173,5;0,22
2025-01-06;303;13,3;345,9;170,9;0,19
2025-01-06;304;13,2;345,7;177,7;0,16
2025-01-06;305;13,7;346,8;171,2;0,19
2025-01-06;306;13,7;347,1;174,4;0,15
2025-01-06;307;13,7;347,0;165,1;0,12
2025-01-07;303;16,0;353,2;218,9;0,12
2025-01-07;304;15,7;352,3;220,2;0,23
2025-01-07;305;15,7;352,3;207,8;0,25
2025-01-07;306;16,0;353,2;218,3;0,21
2025-01-07;307;15,9;352,8;201,5;0,22
2025-01-08;303;14,9;350,2;196,2;0,15
2025-01-08;304;15,0;350,6;206,2;0,16
2025-01-08;305;14,8;350,0;189,6;0,27
2025-01-08;306;14,5;349,1;182,3;0,31
2025-01-08;307;14,4;348,9;179,0;0,11
2025-01-09;303;13,6;346,7;175,9;0,28
2025-01-09;304;13,6;346,9;179,5;0,19
2025-01-09;305;14,0;347,9;169,4;0,15
2025-01-09;306;14,1;348,0;179,1;0,1
2025-01-09;307;13,7;347,0;165,5;0,15
2025-01-10;303;14,6;349,3;189,6;0,26
2025-01-10;304;14,6;349,6;194,7;0,14
2025-01-10;305;14,6;349,3;178,6;0,27
2025-01-10;306;14,6;349,3;187,0;0,16
2025-01-10;307;14,6;349,4;176,2;0,12
2025-01-11;303;14,3;348,5;180,1;0,13
2025-01-11;304;14,5;349,2;190,4;0,24
2025-01-11;305;14,6;349,3;185,6;0,19
2025-01-11;306;14,4;348,9;184,0;0,19
2025-01-11;307;14,8;349,8;181,5;0,27
2025-01-12;303;13,4;346,1;172,7;0,16
2025-01-12;304;13,3;346,0;175,2;0,27
2025-01-12;305;13,2;345,6;162,3;0,27
2025-01-12;306;13,3;346,0;170,2;0,31
2025-01-12;307;13,1;345,1;163,0;0,18
2025-01-13;303;14,9;350,1;194,8;0,22
2025-01-13;304;15,2;351,2;206,8;0,14
2025-01-13;305;15,1;350,6;192,3;0,32
2025-01-13;306;15,0;350,5;199,1;0,29
2025-01-13;307;15,4;351,6;191,1;0,21
2025-01-14;303;13,3;345,9;172,6;0,21
2025-01-14;304;13,0;345,1;174,7;0,16
2025-01-14;305;12,9;344,9;167,0;0,22
2025-01-14;306;13,4;346,2;172,4;0,3
2025-01-14;307;13,2;345,7;164,4;0,12
2025-01-15;303;15,5;351,8;204,7;0,11
2025-01-15;304;15,5;352,0;216,1;0,3
2025-01-15;305;15,2;351,2;200,0;0,29
2025-01-15;306;15,3;351,3;202,8;0,2
2025-01-15;307;15,4;351,5;194,3;0,25
2025-01-16;303;15,4;351,5;202,5;0,16
2025-01-16;304;15,1;350,9;198,6;0,19
2025-01-16;305;15,7;352,4;208,3;0,27
2025-01-16;306;15,9;353,2;207,9;0,21
2025-01-16;307;15,4;351,6;195,4;0,13
2025-01-17;303;13,2;345,6;171,8;0,28
2025-01-17;304;12,9;345,0;178,2;0,17
2025-01-17;305;12,8;344,6;165,0;0,17
2025-01-17;306;13,5;346,3;174,5;0,18
2025-01-17;307;13,1;345,6;158,7;0,27
2025-01-18;303;15,8;352,7;219,9;0,1
2025-01-18;304;15,6;352,2;217,1;0,3
2025-01-18;305;15,8;352,6;206,1;0,18
2025-01-18;306;15,5;351,9;206,5;0,27
2025-01-18;307;15,4;351,6;194,4;0,19
2025-01-19;303;14,6;349,6;191,2;0,11
2025-01-19;304;14,4;349,0;191,7;0,25
2025-01-19;305;14,7;349,7;187,3;0,2
2025-01-19;306;14,4;349,1;178,7;0,24
2025-01-19;307;14,9;350,3;179,9;0,15
2025-01-20;303;13,6;346,8;173,2;0,18
2025-01-20;304;13,5;346,5;178,0;0,32
2025-01-20;305;13,7;346,9;171,6;0,21
2025-01-20;306;13,6;346,9;173,3;0,12
2025-01-20;307;13,5;346,5;164,4;0,26
2025-01-21;303;13,3;346,0;170,8;0,2
2025-01-21;304;13,0;345,2;177,0;0,22
2025-01-21;305;13,4;346,1;164,0;0,27
2025-01-21;306;12,9;344,8;167,4;0,3
2025-01-21;307;12,9;344,8;159,9;0,28
2025-01-22;303;14,6;349,5;188,8;0,13
2025-01-22;304;14,0;347,9;183,9;0,21
2025-01-22;305;14,7;349,8;188,0;0,26
2025-01-22;306;14,3;348,5;182,3;0,29
2025-01-22;307;15,1;350,8;190,6;0,17
2025-01-23;303;13,1;345,4;172,8;0,15
2025-01-23;304;13,2;345,6;179,2;0,14
2025-01-23;305;13,1;345,3;168,2;0,23
2025-01-23;306;13,0;345,0;168,1;0,22
2025-01-23;307;13,4;346,2;164,6;0,16
2025-01-24;303;14,7;349,8;190,7;0,23
2025-01-24;304;14,4;349,0;193,1;0,2
2025-01-24;305;14,6;349,4;183,4;0,1
2025-01-24;306;14,8;350,1;191,3;0,28
2025-01-24;307;14,6;349,2;180,1;0,2
2025-01-25;303;14,6;349,4;189,5;0,19
2025-01-25;304;14,4;348,9;189,8;0,24
2025-01-25;305;14,1;348,2;174,1;0,29
2025-01-25;306;14,1;348,2;180,5;0,3
2025-01-25;307;14,2;348,3;174,5;0,15
2025-01-26;303;15,6;352,1;213,8;0,15
2025-01-26;304;15,2;351,3;205,7;0,14
2025-01-26;305;15,0;350,3;194,0;0,29
2025-01-26;306;15,2;351,0;201,4;0,21
2025-01-26;307;15,3;351,6;193,3;0,25
2025-01-27;303;13,2;345,6;169,6;0,3
2025-01-27;304;13,4;346,2;175,0;0,23
2025-01-27;305;13,3;345,9;167,3;0,21
2025-01-27;306;13,3;346,0;170,8;0,27
2025-01-27;307;13,3;345,9;157,7;0,22
2025-01-28;303;13,3;345,9;167,0;0,21
2025-01-28;304;13,1;345,4;174,4;0,23
2025-01-28;305;12,8;344,4;162,9;0,16
2025-01-28;306;13,1;345,4;167,6;0,14
2025-01-28;307;12,7;344,4;161,1;0,28
2025-01-29;303;13,9;347,6;175,0;0,2
2025-01-29;304;13,8;347,3;184,6;0,2
2025-01-29;305;14,1;348,1;174,9;0,25
2025-01-29;306;14,3;348,6;178,8;0,16
2025-01-29;307;14,1;348,4;166,8;0,3
2025-01-30;303;13,5;346,6;174,8;0,22
2025-01-30;304;13,4;346,3;178,9;0,16
2025-01-30;305;13,8;347,1;171,9;0,25
2025-01-30;306;13,2;345,8;173,0;0,23
2025-01-30;307;13,4;346,0;161,5;0,11
2025-01-31;303;13,3;345,9;176,0;0,21
2025-01-31;304;12,7;344,4;175,5;0,17
2025-01-31;305;13,6;346,7;165,0;0,26
2025-01-31;306;13,2;345,7;169,3;0,19
2025-01-31;307;13,1;345,3;166,1;0,12
2025-02-01;303;14,5;349,3;184,6;0,27
2025-02-01;304;14,5;349,2;196,8;0,23
2025-02-01;305;14,4;348,7;179,0;0,29
2025-02-01;306;14,7;349,7;190,3;0,29
2025-02-01;307;14,7;349,8;176,7;0,29
2025-02-02;303;13,8;347,4;175,2;0,22
2025-02-02;304;13,9;347,6;179,8;0,27
2025-02-02;305;14,0;347,7;170,0;0,23
2025-02-02;306;14,3;348,6;183,7;0,25
2025-02-02;307;14,0;347,7;165,2;0,29
2025-02-03;303;14,7;349,6;194,7;0,21
2025-02-03;304;14,6;349,5;197,2;0,24
2025-02-03;305;14,4;348,9;177,9;0,22
2025-02-03;306;14,9;350,3;196,3;0,18
2025-02-03;307;14,4;348,9;171,8;0,16
2025-02-04;303;14,8;350,0;191,7;0,23
2025-02-04;304;14,8;350,2;204,2;0,2
2025-02-04;305;15,1;350,6;191,3;0,12
2025-02-04;306;14,5;349,1;187,7;0,1
2025-02-04;307;14,5;349,2;176,5;0,31
2025-02-05;303;13,4;346,2;177,4;0,12
2025-02-05;304;13,7;347,1;179,1;0,31
2025-02-05;305;13,8;347,1;171,3;0,2
2025-02-05;306;13,8;347,2;173,5;0,25
2025-02-05;307;14,2;348,4;170,4;0,27
2025-02-06;303;16,1;353,4;220,7;0,3
2025-02-06;304;15,6;352,1;221,4;0,14
2025-02-06;305;16,0;353,2;217,4;0,15
2025-02-06;306;16,2;353,7;224,8;0,14
2025-02-06;307;15,4;351,7;191,6;0,29
2025-02-07;303;14,4;349,0;178,9;0,24
2025-02-07;304;14,5;349,2;188,3;0,11
2025-02-07;305;14,2;348,4;176,7;0,24
2025-02-07;306;14,9;350,2;189,7;0,2
2025-02-07;307;14,3;348,7;170,3;0,14
2025-02-08;303;16,1;353,6;217,5;0,17
2025-02-08;304;15,8;352,7;222,7;0,19
2025-02-08;305;15,8;352,5;209,2;0,18
2025-02-08;306;15,8;352,8;212,2;0,13
2025-02-08;307;16,1;353,5;212,0;0,19
2025-02-09;303;14,6;349,5;190,4;0,21
2025-02-09;304;14,5;349,4;192,7;0,18
2025-02-09;305;14,4;348,8;177,9;0,3
2025-02-09;306;14,5;349,3;187,5;0,13
2025-02-09;307;14,6;349,4;179,8;0,18
2025-02-10;303;15,2;351,1;200,5;0,23
2025-02-10;304;14,8;350,1;200,6;0,12
2025-02-10;305;14,9;350,3;191,0;0,24
2025-02-10;306;14,8;350,0;191,2;0,2
2025-02-10;307;14,8;350,0;182,6;0,23
2025-02-11;303;14,4;349,0;185,9;0,12
2025-02-11;304;14,5;349,3;194,4;0,11
2025-02-11;305;14,6;349,4;188,4;0,23
2025-02-11;306;14,3;348,8;188,8;0,29
2025-02-11;307;14,4;348,8;172,6;0,3
2025-02-12;303;16,1;353,5;218,1;0,23
2025-02-12;304;15,4;351,6;209,1;0,28
2025-02-12;305;15,3;351,2;198,8;0,14
2025-02-12;306;15,9;353,1;213,2;0,17
2025-02-12;307;15,5;351,9;198,5;0,12
2025-02-13;303;15,8;352,7;209,2;0,29
2025-02-13;304;15,2;351,1;206,0;0,24
2025-02-13;305;15,4;351,6;197,6;0,2
2025-02-13;306;16,1;353,4;218,6;0,29
2025-02-13;307;16,0;353,3;203,5;0,24
2025-02-14;303;15,7;352,4;215,0;0,22
2025-02-14;304;15,7;352,3;215,3;0,11
2025-02-14;305;15,6;352,1;203,7;0,25
2025-02-14;306;15,1;350,9;198,5;0,19
2025-02-14;307;15,0;350,4;189,2;0,2
2025-02-15;303;15,5;352,0;205,9;0,31
2025-02-15;304;15,8;352,8;219,3;0,18
2025-02-15;305;15,6;351,9;209,0;0,14
2025-02-15;306;15,7;352,5;210,2;0,14
2025-02-15;307;15,5;351,8;202,4;0,22
2025-02-16;303;13,8;347,3;181,3;0,16
2025-02-16;304;14,0;348,0;185,0;0,26
2025-02-16;305;13,5;346,6;167,7;0,27
2025-02-16;306;13,8;347,1;176,0;0,25
2025-02-16;307;13,9;347,6;162,5;0,12
2025-02-17;303;15,2;351,2;197,5;0,15
2025-02-17;304;15,6;352,2;215,3;0,27
2025-02-17;305;15,5;351,7;205,5;0,24
2025-02-17;306;15,3;351,5;200,2;0,27
2025-02-17;307;15,3;351,4;187,3;0,14
2025-02-18;303;13,9;347,7;173,6;0,29
2025-02-18;304;13,9;347,5;185,3;0,28
2025-02-18;305;14,0;347,6;174,2;0,17
2025-02-18;306;14,1;348,2;183,4;0,11
2025-02-18;307;14,0;347,8;165,4;0,22
2025-02-19;303;14,8;350,2;190,5;0,32
2025-02-19;304;15,0;350,5;205,3;0,15
2025-02-19;305;14,9;350,2;190,9;0,17
2025-02-19;306;14,7;349,6;186,9;0,3
2025-02-19;307;14,9;350,1;185,1;0,26
2025-02-20;303;14,9;350,1;197,0;0,2
2025-02-20;304;15,4;351,7;210,7;0,19
2025-02-20;305;15,3;351,2;200,3;0,24
2025-02-20;306;15,0;350,7;196,8;0,2
2025-02-20;307;15,0;350,5;189,7;0,27
2025-02-21;303;14,4;348,9;181,5;0,26
2025-02-21;304;14,5;349,2;191,9;0,3
2025-02-21;305;14,4;348,9;183,3;0,2
2025-02-21;306;14,2;348,5;180,7;0,13
2025-02-21;307;14,5;349,0;178,7;0,23
2025-02-22;303;15,3;351,1;201,5;0,17
2025-02-22;304;15,8;352,7;220,3;0,25
2025-02-22;305;15,5;351,7;200,9;0,11
2025-02-22;306;15,3;351,4;203,6;0,31
2025-02-22;307;15,0;350,4;185,9;0,23
2025-02-23;303;13,8;347,2;179,9;0,13
2025-02-23;304;13,7;347,1;178,9;0,14
2025-02-23;305;13,8;347,2;171,0;0,19
2025-02-23;306;13,9;347,5;174,7;0,31
2025-02-23;307;13,7;347,0;162,5;0,1
2025-02-24;303;13,8;347,3;171,8;0,19
2025-02-24;304;13,9;347,7;183,1;0,19
2025-02-24;305;14,0;347,7;169,3;0,2
2025-02-24;306;13,8;347,2;176,9;0,19
2025-02-24;307;13,6;346,8;166,0;0,28
2025-02-25;303;16,0;353,3;221,7;0,23
2025-02-25;304;16,1;353,7;225,4;0,13
2025-02-25;305;15,6;352,2;205,1;0,23
2025-02-25;306;15,5;351,9;208,4;0,12
2025-02-25;307;15,8;352,7;203,6;0,18
2025-02-26;303;15,5;351,9;210,0;0,25
2025-02-26;304;15,2;351,2;210,0;0,32
2025-02-26;305;14,9;350,5;191,4;0,22
2025-02-26;306;15,5;352,0;208,0;0,3
2025-02-26;307;15,2;351,1;191,2;0,19
2025-02-27;303;16,0;353,3;219,6;0,29
2025-02-27;304;15,7;352,6;218,1;0,13
2025-02-27;305;16,0;353,3;214,7;0,14
2025-02-27;306;16,1;353,5;225,7;0,22
2025-02-27;307;16,3;353,8;216,9;0,19
2025-02-28;303;15,1;350,6;198,6;0,22
2025-02-28;304;15,6;352,3;216,6;0,25
2025-02-28;305;15,2;350,9;196,7;0,23
2025-02-28;306;15,3;351,4;199,7;0,18
2025-02-28;307;15,4;351,7;194,3;0,27
2025-03-01;303;13,2;345,6;174,3;0,29
2025-03-01;304;13,7;347,2;180,0;0,2
2025-03-01;305;13,6;346,7;167,8;0,31
2025-03-01;306;13,4;346,3;170,2;0,29
2025-03-01;307;13,7;347,0;162,3;0,16
2025-03-02;303;15,4;351,6;208,0;0,2
2025-03-02;304;15,8;352,7;218,9;0,24
2025-03-02;305;15,6;352,1;203,1;0,26
2025-03-02;306;15,6;352,1;210,3;0,27
2025-03-02;307;15,6;352,2;196,9;0,28
2025-03-03;303;14,5;349,1;182,6;0,28
2025-03-03;304;14,8;350,0;200,9;0,11
2025-03-03;305;14,5;349,0;183,1;0,31
2025-03-03;306;14,5;349,2;191,1;0,11
2025-03-03;307;14,6;349,2;178,8;0,19
2025-03-04;303;15,7;352,5;208,1;0,24
2025-03-04;304;15,5;352,1;214,7;0,16
2025-03-04;305;15,7;352,3;208,0;0,23
2025-03-04;306;16,0;353,3;216,3;0,31
2025-03-04;307;15,9;352,9;203,5;0,18
2025-03-05;303;14,9;350,2;196,5;0,3
2025-03-05;304;14,9;350,2;204,3;0,14
2025-03-05;305;14,8;349,8;187,7;0,26
2025-03-05;306;14,8;349,8;195,1;0,2
2025-03-05;307;14,5;349,0;176,3;0,18
2025-03-06;303;13,7;347,0;174,0;0,19
2025-03-06;304;13,3;346,0;178,5;0,16
2025-03-06;305;13,4;346,2;164,2;0,19
2025-03-06;306;13,8;347,2;173,7;0,17
2025-03-06;307;13,6;346,9;161,3;0,16
2025-03-07;303;14,1;348,1;181,1;0,29
2025-03-07;304;14,0;347,6;180,4;0,3
2025-03-07;305;14,0;347,8;173,8;0,15
2025-03-07;306;13,8;347,2;175,1;0,29
2025-03-07;307;13,8;347,4;164,3;0,26
2025-03-08;303;14,7;349,9;188,0;0,1
2025-03-08;304;15,1;351,0;204,9;0,15
2025-03-08;305;14,8;349,9;191,2;0,32
2025-03-08;306;14,7;349,7;191,9;0,15
2025-03-08;307;15,1;350,7;187,1;0,24
2025-03-09;303;14,3;348,5;185,9;0,31
2025-03-09;304;14,6;349,5;193,9;0,22
2025-03-09;305;14,3;348,5;177,1;0,14
2025-03-09;306;14,4;349,0;183,1;0,29
2025-03-09;307;14,2;348,3;173,0;0,18
2025-03-10;303;15,4;351,6;210,3;0,24
2025-03-10;304;15,2;351,1;203,3;0,24
2025-03-10;305;15,3;351,2;198,9;0,17
2025-03-10;306;15,3;351,3;203,2;0,13
2025-03-10;307;15,3;351,3;191,8;0,13
2025-03-11;303;13,3;346,1;174,4;0,27
2025-03-11;304;13,2;345,7;176,4;0,14
2025-03-11;305;13,3;345,9;167,0;0,15
2025-03-11;306;13,3;345,9;176,5;0,25
2025-03-11;307;13,2;345,6;165,3;0,14
2025-03-12;303;15,2;351,1;202,5;0,29
2025-03-12;304;15,3;351,3;211,6;0,22
2025-03-12;305;15,6;352,1;203,2;0,31
2025-03-12;306;15,6;352,1;211,8;0,22
2025-03-12;307;15,3;351,3;193,7;0,17
2025-03-13;303;14,2;348,4;177,8;0,3
2025-03-13;304;14,0;347,9;178,0;0,16
2025-03-13;305;13,8;347,3;170,9;0,17
2025-03-13;306;14,3;348,6;180,6;0,19
2025-03-13;307;14,2;348,4;171,3;0,29
2025-03-14;303;13,6;346,8;174,9;0,23
2025-03-14;304;13,5;346,5;178,9;0,26
2025-03-14;305;13,6;346,5;166,6;0,22
2025-03-14;306;13,5;346,6;174,9;0,22
2025-03-14;307;13,8;347,2;161,4;0,12
2025-03-15;303;14,1;348,0;180,5;0,17
2025-03-15;304;14,2;348,6;186,4;0,13
2025-03-15;305;14,5;349,1;178,0;0,24
2025-03-15;306;14,1;348,2;184,6;0,13
2025-03-15;307;14,0;347,8;165,9;0,22
2025-03-16;303;13,0;345,1;169,0;0,22
2025-03-16;304;12,8;344,6;176,2;0,13
2025-03-16;305;13,0;345,0;165,4;0,25
2025-03-16;306;13,2;345,8;173,3;0,27
2025-03-16;307;13,1;345,4;164,4;0,28
2025-03-17;303;16,2;353,8;221,8;0,27
2025-03-17;304;16,1;353,6;225,4;0,16
2025-03-17;305;15,9;353,1;213,2;0,16
2025-03-17;306;15,9;352,9;215,2;0,12
2025-03-17;307;16,3;354,0;213,4;0,14
2025-03-18;303;14,3;348,5;185,6;0,25
2025-03-18;304;14,4;348,9;190,8;0,18
2025-03-18;305;14,3;348,4;174,9;0,27
2025-03-18;306;14,5;349,3;187,6;0,11
2025-03-18;307;14,4;348,9;175,3;0,12
2025-03-19;303;14,3;348,6;183,1;0,26
2025-03-19;304;13,3;346,0;181,0;0,31
2025-03-19;305;13,9;347,6;171,6;0,14
2025-03-19;306;14,0;347,8;175,7;0,12
2025-03-19;307;13,7;346,8;162,8;0,15
2025-03-20;303;14,8;349,7;194,9;0,17
2025-03-20;304;14,9;350,3;204,3;0,27
2025-03-20;305;14,9;350,1;187,8;0,31
2025-03-20;306;14,6;349,5;188,9;0,27
2025-03-20;307;14,8;349,9;182,4;0,27
2025-03-21;303;15,3;351,2;201,4;0,22
2025-03-21;304;15,3;351,4;210,2;0,27
2025-03-21;305;15,4;351,7;204,7;0,13
2025-03-21;306;15,4;351,7;208,7;0,26
2025-03-21;307;15,0;350,5;193,1;0,32
2025-03-22;303;13,8;347,4;176,8;0,1
2025-03-22;304;13,6;346,8;178,7;0,16
2025-03-22;305;13,5;346,4;167,7;0,23
2025-03-22;306;13,6;346,8;173,4;0,21
2025-03-22;307;13,8;347,4;168,5;0,17
2025-03-23;303;15,3;351,3;202,6;0,31
2025-03-23;304;15,2;351,1;207,9;0,3
2025-03-23;305;15,1;350,7;193,1;0,12
2025-03-23;306;15,0;350,6;200,7;0,18
2025-03-23;307;15,3;351,3;191,8;0,27
2025-03-24;303;13,1;345,5;170,7;0,15
2025-03-24;304;12,8;344,6;177,0;0,27
2025-03-24;305;13,2;345,5;166,8;0,18
2025-03-24;306;13,1;345,4;172,9;0,18
2025-03-24;307;13,2;345,8;163,5;0,23
2025-03-25;303;14,6;349,5;190,9;0,2
2025-03-25;304;14,6;349,5;192,0;0,28
2025-03-25;305;14,6;349,4;186,8;0,15
2025-03-25;306;14,2;348,3;178,6;0,15
2025-03-25;307;14,6;349,6;177,5;0,18
2025-03-26;303;16,3;354,0;226,4;0,23
2025-03-26;304;16,2;353,9;226,6;0,16
2025-03-26;305;15,7;352,3;205,0;0,24
2025-03-26;306;15,8;352,7;214,7;0,25
2025-03-26;307;15,8;352,8;204,6;0,2
2025-03-27;303;14,2;348,3;178,3;0,15
2025-03-27;304;14,7;349,9;193,6;0,16
2025-03-27;305;14,5;349,0;183,2;0,18
2025-03-27;306;14,3;348,7;184,9;0,19
2025-03-27;307;14,4;348,9;173,1;0,15
2025-03-28;303;14,3;348,7;181,8;0,1
2025-03-28;304;14,1;348,2;183,8;0,25
2025-03-28;305;13,9;347,6;167,5;0,2
2025-03-28;306;14,0;348,0;180,1;0,11
2025-03-28;307;14,0;347,8;167,1;0,1
2025-03-29;303;14,9;350,2;194,9;0,17
2025-03-29;304;15,1;351,0;205,9;0,12
2025-03-29;305;14,8;349,8;190,0;0,12
2025-03-29;306;15,0;350,6;200,4;0,16
2025-03-29;307;14,8;350,2;181,7;0,24
2025-03-30;303;15,8;352,6;215,4;0,27
2025-03-30;304;15,8;352,7;219,8;0,31
2025-03-30;305;15,7;352,3;207,6;0,22
2025-03-30;306;15,6;352,3;208,8;0,15
2025-03-30;307;15,8;352,7;207,1;0,19
2025-03-31;303;13,5;346,7;179,0;0,22
2025-03-31;304;12,8;344,6;174,9;0,23
2025-03-31;305;13,5;346,4;167,9;0,11
2025-03-31;306;13,3;346,0;171,9;0,26
2025-03-31;307;13,0;345,0;164,1;0,15
2025-04-01;303;14,1;348,3;174,3;0,15
2025-04-01;304;14,1;348,3;185,2;0,19
2025-04-01;305;13,8;347,2;169,1;0,3
2025-04-01;306;13,9;347,6;180,6;0,16
2025-04-01;307;14,1;348,1;170,3;0,23
2025-04-02;303;15,2;351,2;203,0;0,27
2025-04-02;304;14,9;350,3;197,5;0,16
2025-04-02;305;14,9;350,3;192,4;0,26
2025-04-02;306;15,2;351,1;204,6;0,25
2025-04-02;307;15,1;350,8;184,1;0,28
2025-04-03;303;15,2;351,0;199,4;0,26
2025-04-03;304;15,0;350,7;204,3;0,2
2025-04-03;305;15,3;351,2;201,2;0,12
2025-04-03;306;15,2;351,1;201,3;0,22
2025-04-03;307;15,2;351,1;190,1;0,17
2025-04-04;303;13,9;347,5;178,1;0,2
2025-04-04;304;13,7;347,1;177,9;0,21
2025-04-04;305;14,0;347,7;172,3;0,27
2025-04-04;306;13,9;347,6;173,9;0,15
2025-04-04;307;13,6;346,6;160,4;0,23
2025-04-05;303;15,3;351,4;200,2;0,23
2025-04-05;304;15,1;350,6;207,7;0,14
2025-04-05;305;15,7;352,3;206,2;0,28
2025-04-05;306;15,0;350,4;199,2;0,16
2025-04-05;307;15,3;351,4;187,3;0,2
2025-04-06;303;14,6;349,4;187,4;0,17
2025-04-06;304;14,8;349,9;199,3;0,1
2025-04-06;305;14,7;349,6;184,5;0,21
2025-04-06;306;14,7;349,7;193,4;0,18
2025-04-06;307;14,6;349,3;180,4;0,24
2025-04-07;303;15,9;352,9;221,1;0,13
2025-04-07;304;16,2;353,9;232,0;0,15
2025-04-07;305;15,3;351,3;196,7;0,24
2025-04-07;306;15,6;352,2;210,7;0,21
2025-04-07;307;15,6;352,2;198,3;0,25
2025-04-08;303;14,9;350,5;198,2;0,25
2025-04-08;304;15,3;351,5;211,1;0,13
2025-04-08;305;15,7;352,4;207,3;0,27
2025-04-08;306;15,0;350,5;194,6;0,3
2025-04-08;307;15,1;350,9;183,7;0,28
2025-04-09;303;14,9;350,3;196,9;0,21
2025-04-09;304;15,4;351,8;211,9;0,19
2025-04-09;305;15,8;352,7;209,8;0,28
2025-04-09;306;15,6;352,3;207,8;0,22
2025-04-09;307;15,2;350,9;193,1;0,17
2025-04-10;303;14,8;350,0;195,5;0,29
2025-04-10;304;14,9;350,3;202,0;0,11
2025-04-10;305;14,7;349,7;182,2;0,15
2025-04-10;306;14,5;349,3;185,6;0,14
2025-04-10;307;14,4;348,9;173,1;0,3
2025-04-11;303;0,0;0,0;0,0;0,0
2025-04-11;304;0,0;0,0;0,0;0,0
2025-04-11;305;0,0;0,0;0,0;0,0
2025-04-11;306;0,0;0,0;0,0;0,0
2025-04-11;307;0,0;0,0;0,0;0,0
2025-04-12;303;15,7;352,4;213,4;0,31
2025-04-12;304;15,7;352,5;218,6;0,31
2025-04-12;305;15,9;354,0;811,1;0,14
2025-04-12;306;16,0;353,3;215,9;0,19
2025-04-12;307;15,9;353,1;207,2;0,16
2025-04-13;303;13,8;347,3;170,9;0,2
2025-04-13;304;14,3;348,6;183,2;0,14
2025-04-13;305;13,7;348,1;690,3;0,19
2025-04-13;306;13,9;347,5;177,7;0,28
2025-04-13;307;14,1;348,1;168,2;0,23
2025-04-14;303;14,6;349,6;189,8;0,22
2025-04-14;304;14,9;350,4;197,9;0,28
2025-04-14;305;14,8;351,0;752,5;0,1
2025-04-14;306;15,0;350,5;193,2;0,14
2025-04-14;307;14,8;349,9;186,5;0,17
2025-04-15;303;13,6;346,6;170,9;0,3
2025-04-15;304;13,6;346,7;179,9;0,23
2025-04-15;305;13,4;347,3;677,3;0,15
2025-04-15;306;13,6;346,7;174,1;0,25
2025-04-15;307;13,4;346,2;166,8;0,19
2025-04-16;303;14,8;349,9;193,1;0,23
2025-04-16;304;15,0;350,6;203,4;0,3
2025-04-16;305;15,2;352,4;774,2;0,11
2025-04-16;306;14,8;350,2;191,8;0,22
2025-04-16;307;14,9;350,3;182,4;0,19
2025-04-17;303;14,1;348,1;182,4;0,29
2025-04-17;304;13,8;347,5;180,5;0,22
2025-04-17;305;13,7;347,8;690,1;0,14
2025-04-17;306;14,1;348,2;176,7;0,24
2025-04-17;307;13,9;347,6;164,2;0,14
2025-04-18;303;13,2;345,6;170,2;0,18
2025-04-18;304;13,7;347,1;179,8;0,2
2025-04-18;305;13,5;347,5;678,8;0,11
2025-04-18;306;13,5;346,6;176,7;0,31
2025-04-18;307;13,8;347,4;168,9;0,14
2025-04-19;303;15,0;350,3;199,5;0,16
2025-04-19;304;14,7;349,7;198,7;0,25
2025-04-19;305;15,0;351,6;761,1;0,17
2025-04-19;306;14,5;349,3;182,1;0,19
2025-04-19;307;14,8;350,0;184,4;0,15
2025-04-20;303;14,4;348,8;184,6;0,13
2025-04-20;304;14,4;348,9;192,0;0,31
2025-04-20;305;14,7;350,7;743,5;0,28
2025-04-20;306;14,4;349,0;184,8;0,31
2025-04-20;307;14,4;348,9;174,7;0,12
2025-04-21;303;14,0;348,0;175,3;0,17
2025-04-21;304;13,5;346,6;183,7;0,17
2025-04-21;305;13,6;347,8;691,0;0,29
2025-04-21;306;13,5;346,6;178,1;0,28
2025-04-21;307;13,4;346,3;159,6;0,2
2025-04-22;303;14,8;350,0;191,8;0,24
2025-04-22;304;14,5;349,2;190,5;0,16
2025-04-22;305;14,3;349,6;723,5;0,29
2025-04-22;306;14,7;349,7;189,7;0,1
2025-04-22;307;14,8;350,0;182,6;0,27
2025-04-23;303;13,3;345,8;178,1;0,17
2025-04-23;304;13,0;345,2;176,4;0,15
2025-04-23;305;13,2;346,7;671,9;0,21
2025-04-23;306;13,2;345,5;174,5;0,24
2025-04-23;307;13,0;345,0;162,2;0,31
2025-04-24;303;15,7;352,4;210,7;0,28
2025-04-24;304;15,7;352,4;221,8;0,12
2025-04-24;305;15,2;352,3;773,7;0,27
2025-04-24;306;15,7;352,6;214,7;0,3
2025-04-24;307;15,6;352,2;196,0;0,14
2025-04-25;303;15,4;351,6;209,7;0,28
2025-04-25;304;15,6;352,2;213,6;0,22
2025-04-25;305;15,7;353,5;803,7;0,23
2025-04-25;306;15,3;351,4;203,3;0,19
2025-04-25;307;15,2;351,1;191,6;0,32
2025-04-26;303;14,8;350,0;194,9;0,2
2025-04-26;304;14,4;349,1;192,6;0,15
2025-04-26;305;14,6;350,6;739,8;0,23
2025-04-26;306;14,8;350,1;191,0;0,11
2025-04-26;307;14,6;349,5;180,4;0,15
2025-04-27;303;13,1;345,4;171,5;0,16
2025-04-27;304;13,4;346,4;182,3;0,2
2025-04-27;305;13,2;346,7;667,8;0,17
2025-04-27;306;13,5;346,4;170,9;0,29
2025-04-27;307;13,8;347,4;165,6;0,15
2025-04-28;303;15,3;351,4;206,2;0,18
2025-04-28;304;15,4;351,6;217,1;0,15
2025-04-28;305;15,4;352,8;778,4;0,27
2025-04-28;306;15,8;352,7;214,8;0,13
2025-04-28;307;15,3;351,4;195,3;0,19
2025-04-29;303;15,6;352,3;216,7;0,15
2025-04-29;304;15,7;352,5;221,2;0,1
2025-04-29;305;15,1;351,8;765,6;0,19
2025-04-29;306;15,6;352,2;205,9;0,12
2025-04-29;307;15,7;352,4;203,1;0,17
2025-04-30;303;15,5;351,6;205,0;0,29
2025-04-30;304;15,8;352,9;218,1;0,21
2025-04-30;305;15,9;354,3;810,9;0,24
2025-04-30;306;15,7;352,3;213,7;0,1
2025-04-30;307;15,5;351,9;200,9;0,12
2025-05-01;303;15,2;351,1;196,7;0,29
2025-05-01;304;15,3;351,4;209,5;0,18
2025-05-01;305;15,4;352,8;785,8;0,29
2025-05-01;306;15,2;351,2;201,2;0,16
2025-05-01;307;15,3;351,4;196,2;0,12
2025-05-02;303;16,0;353,3;229,5;0,12
2025-05-02;304;15,8;352,7;221,5;0,27
2025-05-02;305;15,9;354,0;817,1;0,12
2025-05-02;306;16,0;353,2;221,5;0,31
2025-05-02;307;15,7;352,5;203,4;0,17
2025-05-03;303;15,6;352,1;209,8;0,29
2025-05-03;304;16,1;353,7;228,4;0,32
2025-05-03;305;15,7;353,5;805,6;0,15
2025-05-03;306;16,1;353,5;222,2;0,1
2025-05-03;307;15,6;352,0;199,6;0,23
2025-05-04;303;15,4;351,7;205,7;0,31
2025-05-04;304;15,3;351,5;207,0;0,32
2025-05-04;305;15,1;351,9;765,7;0,12
2025-05-04;306;15,1;350,8;202,2;0,24
2025-05-04;307;15,4;351,6;191,4;0,13
2025-05-05;303;14,2;348,4;181,8;0,1
2025-05-05;304;13,9;347,7;181,7;0,24
2025-05-05;305;13,8;348,5;698,9;0,15
2025-05-05;306;14,2;348,4;183,7;0,25
2025-05-05;307;14,1;348,1;168,7;0,28
2025-05-06;303;14,0;347,9;177,7;0,13
2025-05-06;304;14,2;348,3;185,9;0,13
2025-05-06;305;14,3;349,7;720,7;0,19
2025-05-06;306;14,6;349,6;190,2;0,26
2025-05-06;307;14,5;349,0;173,1;0,17
2025-05-07;303;14,9;350,3;197,7;0,18
2025-05-07;304;14,3;348,6;190,2;0,16
2025-05-07;305;15,0;351,8;759,8;0,28
2025-05-07;306;15,3;351,4;206,8;0,31
2025-05-07;307;15,0;350,6;183,9;0,28
2025-05-08;303;14,7;349,7;190,9;0,3
2025-05-08;304;14,3;348,8;186,2;0,3
2025-05-08;305;14,6;350,4;742,9;0,3
2025-05-08;306;14,8;349,9;192,4;0,25
2025-05-08;307;14,4;348,9;176,7;0,3
2025-05-09;303;13,1;345,4;171,6;0,19
2025-05-09;304;13,3;345,9;176,2;0,31
2025-05-09;305;13,4;347,1;677,4;0,22
2025-05-09;306;13,1;345,5;175,9;0,1
2025-05-09;307;13,4;346,1;162,6;0,16
2025-05-10;303;15,8;352,7;218,8;0,18
2025-05-10;304;16,0;353,3;222,9;0,19
2025-05-10;305;15,9;354,1;811,1;0,3
2025-05-10;306;15,9;353,1;217,4;0,28
2025-05-10;307;15,7;352,5;200,9;0,16
2025-05-11;303;14,0;348,0;180,3;0,1
2025-05-11;304;14,3;348,7;189,1;0,23
2025-05-11;305;14,1;349,2;715,6;0,13
2025-05-11;306;13,9;347,6;177,9;0,12
2025-05-11;307;13,8;347,4;168,8;0,23
2025-05-12;303;13,6;346,9;175,0;0,2
2025-05-12;304;13,8;347,4;180,6;0,28
2025-05-12;305;13,6;347,7;683,4;0,13
2025-05-12;306;14,0;347,9;178,4;0,31
2025-05-12;307;14,0;347,8;165,6;0,19
2025-05-13;303;14,3;348,7;178,9;0,31
2025-05-13;304;14,5;349,4;195,2;0,27
2025-05-13;305;14,0;349,0;705,0;0,12
2025-05-13;306;14,3;348,6;185,7;0,18
2025-05-13;307;14,0;347,8;167,6;0,18
2025-05-14;303;15,1;350,9;199,2;0,16
2025-05-14;304;14,8;350,0;205,5;0,26
2025-05-14;305;15,0;351,6;767,0;0,26
2025-05-14;306;15,1;351,1;199,5;0,25
2025-05-14;307;15,0;350,4;187,8;0,14
2025-05-15;303;15,5;352,0;207,9;0,1
2025-05-15;304;15,2;351,2;216,8;0,17
2025-05-15;305;15,2;352,4;775,5;0,11
2025-05-15;306;15,4;351,5;206,9;0,12
2025-05-15;307;15,2;351,1;196,6;0,2
2025-05-16;303;14,1;348,3;179,3;0,28
2025-05-16;304;14,2;348,5;187,8;0,26
2025-05-16;305;14,4;350,0;725,5;0,24
2025-05-16;306;14,5;349,3;188,4;0,19
2025-05-16;307;14,3;348,6;168,2;0,32
2025-05-17;303;14,3;348,8;176,0;0,1
2025-05-17;304;14,4;348,9;190,0;0,3
2025-05-17;305;14,3;349,7;725,5;0,14
2025-05-17;306;14,3;348,8;184,2;0,11
2025-05-17;307;14,4;348,9;172,0;0,28
2025-05-18;303;15,4;351,6;206,9;0,28
2025-05-18;304;15,7;352,5;216,9;0,21
2025-05-18;305;15,2;352,2;775,3;0,21
2025-05-18;306;15,3;351,4;202,1;0,25
2025-05-18;307;15,4;351,6;194,4;0,15
2025-05-19;303;15,4;351,7;205,0;0,1
2025-05-19;304;15,4;351,6;206,1;0,13
2025-05-19;305;15,2;352,2;775,7;0,19
2025-05-19;306;15,5;352,0;205,4;0,32
2025-05-19;307;15,7;352,3;204,4;0,13
2025-05-20;303;13,3;345,9;173,2;0,32
2025-05-20;304;13,5;346,5;180,7;0,13
2025-05-20;305;13,2;346,6;671,3;0,2
2025-05-20;306;13,3;346,0;175,4;0,32
2025-05-20;307;13,5;346,6;164,2;0,27
2025-05-21;303;15,9;353,1;215,3;0,22
2025-05-21;304;16,0;353,4;225,1;0,17
2025-05-21;305;16,0;354,5;820,2;0,24
2025-05-21;306;15,9;352,9;207,9;0,3
2025-05-21;307;16,0;353,2;208,6;0,27
2025-05-22;303;14,8;350,1;189,1;0,28
2025-05-22;304;14,2;348,6;182,9;0,26
2025-05-22;305;15,0;351,7;762,6;0,27
2025-05-22;306;14,4;348,9;185,1;0,32
2025-05-22;307;14,9;350,2;179,9;0,17
2025-05-23;303;13,8;347,3;173,7;0,19
2025-05-23;304;14,1;348,2;183,1;0,18
2025-05-23;305;14,0;348,9;705,0;0,27
2025-05-23;306;14,1;348,1;182,7;0,3
2025-05-23;307;14,1;348,1;166,6;0,22
2025-05-24;303;15,7;352,5;215,2;0,19
2025-05-24;304;15,7;352,5;221,8;0,29
2025-05-24;305;15,8;353,9;805,5;0,2
2025-05-24;306;15,6;352,2;210,2;0,11
2025-05-24;307;15,9;352,9;204,5;0,24
2025-05-25;303;15,8;352,7;219,3;0,14
2025-05-25;304;15,8;352,9;221,8;0,21
2025-05-25;305;15,9;354,3;816,7;0,2
2025-05-25;306;15,8;352,7;216,9;0,23
2025-05-25;307;15,9;352,8;209,6;0,23
2025-05-26;303;13,6;346,6;171,9;0,24
2025-05-26;304;13,9;347,7;180,6;0,16
2025-05-26;305;14,0;348,9;703,8;0,28
2025-05-26;306;13,4;346,2;170,5;0,14
2025-05-26;307;13,5;346,6;167,7;0,15
2025-05-27;303;14,5;349,3;188,6;0,18
2025-05-27;304;14,3;348,7;187,9;0,21
2025-05-27;305;14,7;350,8;745,0;0,16
2025-05-27;306;14,6;349,6;184,7;0,19
2025-05-27;307;14,5;349,2;172,3;0,29
2025-05-28;303;14,0;347,9;180,4;0,3
2025-05-28;304;13,5;346,4;181,6;0,24
2025-05-28;305;13,6;347,8;684,5;0,14
2025-05-28;306;14,1;348,2;175,8;0,22
2025-05-28;307;14,0;347,9;165,3;0,24
2025-05-29;303;15,4;351,4;204,7;0,25
2025-05-29;304;15,7;352,6;217,6;0,17
2025-05-29;305;15,6;353,2;797,2;0,22
2025-05-29;306;15,7;352,5;212,6;0,14
2025-05-29;307;15,4;351,6;191,7;0,29
2025-05-30;303;14,6;349,4;190,9;0,27
2025-05-30;304;14,4;349,0;189,4;0,28
2025-05-30;305;14,4;350,0;730,2;0,24
2025-05-30;306;14,5;349,5;184,1;0,3
2025-05-30;307;14,2;348,3;171,5;0,11
2025-05-31;303;14,5;349,3;191,7;0,12
2025-05-31;304;14,8;350,3;197,9;0,22
2025-05-31;305;14,5;350,4;733,5;0,23
2025-05-31;306;14,6;349,4;183,9;0,12
2025-05-31;307;14,3;348,6;176,8;0,22
2025-06-01;303;14,6;349,5;189,5;0,29
2025-06-01;304;14,2;348,4;184,9;0,2
2025-06-01;305;14,3;349,8;717,9;0,26
2025-06-01;306;14,3;348,8;183,6;0,3
2025-06-01;307;14,0;348,0;165,5;0,22
2025-06-02;303;13,4;346,4;177,6;0,25
2025-06-02;304;13,1;345,4;173,3;0,31
2025-06-02;305;13,1;346,2;663,7;0,28
2025-06-02;306;13,2;345,6;176,7;0,23
2025-06-02;307;13,3;345,7;163,3;0,1
2025-06-03;303;13,9;347,5;174,4;0,28
2025-06-03;304;14,2;348,4;183,2;0,25
2025-06-03;305;13,8;348,4;698,1;0,18
2025-06-03;306;13,8;347,4;174,7;0,18
2025-06-03;307;14,2;348,3;168,9;0,14
2025-06-04;303;14,6;349,6;185,2;0,29
2025-06-04;304;14,5;349,2;195,0;0,13
2025-06-04;305;14,8;350,9;753,9;0,26
2025-06-04;306;14,3;348,7;186,1;0,19
2025-06-04;307;14,9;350,3;183,9;0,2
2025-06-05;303;13,3;345,9;176,1;0,14
2025-06-05;304;13,2;345,8;176,2;0,2
2025-06-05;305;13,3;346,9;669,6;0,23
2025-06-05;306;13,3;345,9;170,5;0,26
2025-06-05;307;13,5;346,8;164,6;0,2
2025-06-06;303;13,4;346,5;173,9;0,17
2025-06-06;304;13,5;346,6;176,3;0,21
2025-06-06;305;13,2;346,6;670,2;0,32
2025-06-06;306;13,0;345,1;174,3;0,27
2025-06-06;307;13,4;346,3;163,7;0,28
2025-06-07;303;14,9;350,3;196,7;0,27
2025-06-07;304;14,7;350,0;201,0;0,32
2025-06-07;305;15,2;352,5;772,2;0,26
2025-06-07;306;14,6;349,5;185,6;0,27
2025-06-07;307;14,5;349,2;173,6;0,24
2025-06-08;303;13,4;346,2;178,2;0,26
2025-06-08;304;13,4;346,2;177,9;0,21
2025-06-08;305;13,2;346,8;669,5;0,29
2025-06-08;306;13,7;347,0;173,9;0,12
2025-06-08;307;13,4;346,2;162,9;0,24
2025-06-09;303;14,5;349,3;188,9;0,2
2025-06-09;304;14,7;349,8;197,0;0,13
2025-06-09;305;14,2;349,5;720,6;0,21
2025-06-09;306;14,3;348,9;184,0;0,13
2025-06-09;307;14,4;348,9;176,2;0,25
2025-06-10;303;13,0;345,2;174,9;0,11
2025-06-10;304;13,1;345,5;177,5;0,25
2025-06-10;305;12,9;345,8;657,3;0,12
2025-06-10;306;12,7;344,5;168,4;0,2
2025-06-10;307;12,8;344,4;161,5;0,22
2025-06-11;303;15,2;351,1;197,8;0,13
2025-06-11;304;14,7;349,9;198,4;0,25
2025-06-11;305;15,3;352,7;779,9;0,23
2025-06-11;306;14,9;350,3;190,2;0,29
2025-06-11;307;14,8;349,9;181,9;0,32
2025-06-12;303;15,3;351,4;206,4;0,29
2025-06-12;304;15,5;352,0;212,9;0,16
2025-06-12;305;14,8;350,9;746,6;0,21
2025-06-12;306;15,4;351,7;209,1;0,31
2025-06-12;307;15,3;351,4;198,8;0,12
2025-06-13;303;13,3;346,0;175,5;0,21
2025-06-13;304;13,7;347,0;182,8;0,15
2025-06-13;305;13,8;348,4;701,9;0,14
2025-06-13;306;13,5;346,6;173,0;0,13
2025-06-13;307;13,6;346,8;165,5;0,22
2025-06-14;303;15,4;351,7;207,6;0,31
2025-06-14;304;15,5;351,9;213,3;0,3
2025-06-14;305;15,3;352,3;782,0;0,23
2025-06-14;306;15,6;352,2;209,4;0,13
2025-06-14;307;15,6;352,2;201,8;0,16
2025-06-15;303;13,2;345,8;171,9;0,24
2025-06-15;304;13,0;345,1;170,7;0,24
2025-06-15;305;12,8;345,6;655,5;0,27
2025-06-15;306;13,4;346,4;176,7;0,18
2025-06-15;307;13,4;346,0;162,5;0,3
2025-06-16;303;15,4;351,7;204,5;0,25
2025-06-16;304;15,1;350,9;209,5;0,32
2025-06-16;305;15,5;353,2;795,1;0,12
2025-06-16;306;15,2;351,1;201,1;0,27
2025-06-16;307;15,4;351,6;194,9;0,22
2025-06-17;303;14,8;350,0;193,7;0,25
2025-06-17;304;15,1;350,8;205,9;0,26
2025-06-17;305;14,9;351,5;760,3;0,24
2025-06-17;306;15,0;350,7;197,6;0,18
2025-06-17;307;14,9;350,3;183,6;0,11
2025-06-18;303;13,3;346,0;173,7;0,19
2025-06-18;304;13,4;346,5;178,7;0,29
2025-06-18;305;13,3;347,0;674,1;0,17
2025-06-18;306;13,4;346,3;176,0;0,2
2025-06-18;307;13,2;345,6;161,6;0,28
2025-06-19;303;15,8;352,9;212,8;0,13
2025-06-19;304;16,1;353,6;227,9;0,26
2025-06-19;305;16,0;354,4;818,8;0,17
2025-06-19;306;15,8;352,7;218,7;0,21
2025-06-19;307;15,6;352,2;199,2;0,22
2025-06-20;303;14,9;350,4;200,2;0,32
2025-06-20;304;14,7;349,8;197,4;0,21
2025-06-20;305;14,9;351,4;762,0;0,17
2025-06-20;306;14,5;349,3;187,7;0,14
2025-06-20;307;14,9;350,1;185,0;0,28
2025-06-21;303;14,3;348,7;180,2;0,28
2025-06-21;304;14,3;348,7;188,3;0,21
2025-06-21;305;14,2;349,5;714,5;0,15
2025-06-21;306;13,9;347,7;175,5;0,29
2025-06-21;307;14,1;348,3;168,9;0,19
2025-06-22;303;13,9;347,5;173,5;0,31
2025-06-22;304;14,0;348,1;186,0;0,16
2025-06-22;305;14,2;349,4;711,1;0,12
2025-06-22;306;14,6;349,4;187,2;0,22
2025-06-22;307;14,1;348,1;164,8;0,21
2025-06-23;303;13,2;345,7;173,8;0,24
2025-06-23;304;13,4;346,1;180,8;0,11
2025-06-23;305;13,5;347,7;682,5;0,17
2025-06-23;306;13,5;346,6;176,1;0,3
2025-06-23;307;13,3;346,0;162,6;0,15
2025-06-24;303;13,7;347,0;177,1;0,2
2025-06-24;304;13,8;347,4;180,8;0,2
2025-06-24;305;13,6;347,7;687,9;0,22
2025-06-24;306;13,7;346,9;173,2;0,26
2025-06-24;307;14,1;348,0;170,5;0,29
2025-06-25;303;15,3;351,4;206,5;0,15
2025-06-25;304;15,4;351,8;207,2;0,22
2025-06-25;305;15,4;352,8;784,7;0,25
2025-06-25;306;14,9;350,4;196,8;0,28
2025-06-25;307;15,4;351,5;196,4;0,2
2025-06-26;303;15,7;352,5;214,7;0,12
2025-06-26;304;15,5;351,9;215,5;0,15
2025-06-26;305;16,0;354,4;820,3;0,13
2025-06-26;306;15,8;352,8;218,3;0,19
2025-06-26;307;16,1;353,4;213,6;0,12
2025-06-27;303;14,5;349,3;187,6;0,11
2025-06-27;304;14,4;349,1;192,2;0,3
2025-06-27;305;14,6;350,6;736,4;0,1
2025-06-27;306;14,4;349,0;184,0;0,3
2025-06-27;307;14,5;349,4;178,1;0,21
2025-06-28;303;15,5;351,7;209,3;0,13
2025-06-28;304;15,5;351,9;216,2;0,23
2025-06-28;305;15,5;353,0;788,4;0,26
2025-06-28;306;15,9;353,0;221,7;0,27
2025-06-28;307;15,5;351,9;204,6;0,18
2025-06-29;303;13,4;346,1;173,3;0,25
2025-06-29;304;13,8;347,3;181,1;0,12
2025-06-29;305;13,7;348,2;689,3;0,28
2025-06-29;306;13,7;347,0;177,5;0,22
2025-06-29;307;13,9;347,4;164,8;0,16
2025-06-30;303;14,5;349,3;187,3;0,24
2025-06-30;304;14,2;348,4;188,4;0,24
2025-06-30;305;13,8;348,2;698,6;0,31
2025-06-30;306;14,2;348,4;182,7;0,18
2025-06-30;307;14,0;347,8;170,3;0,16
2025-07-01;303;14,6;349,5;189,6;0,26
2025-07-01;304;14,6;349,6;194,8;0,11
2025-07-01;305;14,8;351,2;752,8;0,16
2025-07-01;306;14,7;349,8;192,4;0,26
2025-07-01;307;14,8;350,0;181,2;0,21
2025-07-02;303;15,9;353,0;216,7;0,18
2025-07-02;304;16,0;353,4;226,5;0,14
2025-07-02;305;15,6;353,3;797,2;0,16
2025-07-02;306;15,8;352,7;220,1;0,22
2025-07-02;307;15,9;352,8;210,0;0,11
2025-07-03;303;14,6;349,5;188,5;0,14
2025-07-03;304;14,8;350,2;199,4;0,11
2025-07-03;305;14,6;350,6;734,7;0,3
2025-07-03;306;14,8;349,9;196,1;0,16
2025-07-03;307;14,9;350,2;183,6;0,12
2025-07-04;303;15,6;352,3;210,6;0,27
2025-07-04;304;15,4;351,6;212,5;0,17
2025-07-04;305;15,5;353,2;792,9;0,11
2025-07-04;306;15,3;351,4;203,3;0,2
2025-07-04;307;15,4;351,6;197,8;0,22
2025-07-05;303;13,6;346,7;177,7;0,28
2025-07-05;304;13,6;346,8;180,3;0,22
2025-07-05;305;13,9;348,5;698,1;0,21
2025-07-05;306;13,3;346,0;171,9;0,25
2025-07-05;307;13,6;346,8;164,7;0,29
2025-07-06;303;15,5;352,0;211,6;0,22
2025-07-06;304;15,7;352,6;214,5;0,26
2025-07-06;305;15,8;353,9;814,2;0,11
2025-07-06;306;15,7;352,5;212,9;0,32
2025-07-06;307;15,4;351,6;194,7;0,25
2025-07-07;303;13,7;347,1;178,2;0,29
2025-07-07;304;13,5;346,6;177,3;0,27
2025-07-07;305;13,4;347,4;680,4;0,3
2025-07-07;306;13,3;346,1;177,0;0,3
2025-07-07;307;13,5;346,6;159,8;0,27
2025-07-08;303;15,6;352,2;212,0;0,13
2025-07-08;304;15,6;352,2;215,6;0,31
2025-07-08;305;15,2;352,2;776,4;0,12
2025-07-08;306;15,2;351,2;200,9;0,23
2025-07-08;307;15,6;352,2;199,9;0,23
2025-07-09;303;15,1;350,9;202,3;0,29
2025-07-09;304;14,6;349,5;195,2;0,27
2025-07-09;305;15,0;351,6;764,4;0,32
2025-07-09;306;14,8;350,0;192,8;0,17
2025-07-09;307;14,8;350,1;183,3;0,22
2025-07-10;303;15,2;351,3;203,8;0,3
2025-07-10;304;15,6;352,1;211,6;0,31
2025-07-10;305;15,5;353,1;792,1;0,31
2025-07-10;306;15,8;352,9;213,5;0,31
2025-07-10;307;15,6;352,2;205,0;0,2
2025-07-11;303;13,9;347,5;173,2;0,19
2025-07-11;304;14,2;348,5;186,9;0,2
2025-07-11;305;14,1;349,2;708,5;0,2
2025-07-11;306;13,6;346,6;176,5;0,13
2025-07-11;307;14,0;347,9;165,7;0,11
2025-07-12;303;16,2;354,0;223,9;0,11
2025-07-12;304;15,9;353,2;224,3;0,25
2025-07-12;305;15,9;354,2;818,7;0,19
2025-07-12;306;15,9;353,0;219,1;0,17
2025-07-12;307;16,0;353,2;208,0;0,11
2025-07-13;303;15,0;350,6;198,8;0,26
2025-07-13;304;15,3;351,4;212,2;0,22
2025-07-13;305;15,4;352,9;786,5;0,19
2025-07-13;306;15,1;350,8;200,0;0,1
2025-07-13;307;14,9;350,3;181,1;0,17
2025-07-14;303;14,3;348,8;182,5;0,14
2025-07-14;304;14,2;348,4;184,5;0,28
2025-07-14;305;14,0;348,9;703,9;0,1
2025-07-14;306;14,2;348,5;183,9;0,15
2025-07-14;307;13,9;347,5;162,9;0,24
2025-07-15;303;13,8;347,4;177,7;0,19
2025-07-15;304;14,0;347,9;186,3;0,19
2025-07-15;305;14,3;349,8;721,0;0,15
2025-07-15;306;14,2;348,5;181,4;0,14
2025-07-15;307;14,2;348,4;171,9;0,18
2025-07-16;303;14,7;349,9;190,0;0,26
2025-07-16;304;14,4;349,0;190,8;0,1
2025-07-16;305;14,6;350,4;736,5;0,29
2025-07-16;306;14,6;349,6;190,2;0,24
2025-07-16;307;14,6;349,5;181,3;0,27
2025-07-17;303;14,1;348,1;172,8;0,31
2025-07-17;304;13,9;347,8;175,2;0,29
2025-07-17;305;14,0;349,0;701,9;0,14
2025-07-17;306;13,9;347,7;177,3;0,11
2025-07-17;307;14,2;348,5;169,1;0,3
2025-07-18;303;13,7;347,0;174,6;0,24
2025-07-18;304;13,3;346,2;178,5;0,26
2025-07-18;305;13,8;348,3;697,7;0,26
2025-07-18;306;13,8;347,2;171,4;0,16
2025-07-18;307;13,5;346,4;168,0;0,25
2025-07-19;303;14,8;349,9;196,1;0,25
2025-07-19;304;15,0;350,7;203,3;0,3
2025-07-19;305;14,9;351,5;757,5;0,28
2025-07-19;306;15,1;350,7;200,8;0,26
2025-07-19;307;14,7;349,8;178,7;0,14
2025-07-20;303;0,0;0,0;0,0;0,0
2025-07-20;304;0,0;0,0;0,0;0,0
2025-07-20;305;0,0;0,0;0,0;0,0
2025-07-20;306;0,0;0,0;0,0;0,0
2025-07-20;307;0,0;0,0;0,0;0,0
2025-07-21;303;0,0;0,0;0,0;0,0
2025-07-21;304;0,0;0,0;0,0;0,0
2025-07-21;305;0,0;0,0;0,0;0,0
2025-07-21;306;0,0;0,0;0,0;0,0
2025-07-21;307;0,0;0,0;0,0;0,0
2025-07-22;303;0,0;0,0;0,0;0,0
2025-07-22;304;0,0;0,0;0,0;0,0
2025-07-22;305;0,0;0,0;0,0;0,0
2025-07-22;306;0,0;0,0;0,0;0,0
2025-07-22;307;0,0;0,0;0,0;0,0
2025-07-23;303;0,0;0,0;0,0;0,0
2025-07-23;304;0,0;0,0;0,0;0,0
2025-07-23;305;0,0;0,0;0,0;0,0
2025-07-23;306;0,0;0,0;0,0;0,0
2025-07-23;307;0,0;0,0;0,0;0,0
2025-07-24;303;0,0;0,0;0,0;0,0
2025-07-24;304;0,0;0,0;0,0;0,0
2025-07-24;305;0,0;0,0;0,0;0,0
2025-07-24;306;0,0;0,0;0,0;0,0
2025-07-24;307;0,0;0,0;0,0;0,0
2025-07-25;303;0,0;0,0;0,0;0,0
2025-07-25;304;0,0;0,0;0,0;0,0
2025-07-25;305;0,0;0,0;0,0;0,0
2025-07-25;306;0,0;0,0;0,0;0,0
2025-07-25;307;0,0;0,0;0,0;0,0
2025-07-26;303;0,0;0,0;0,0;0,0
2025-07-26;304;0,0;0,0;0,0;0,0
2025-07-26;305;0,0;0,0;0,0;0,0
2025-07-26;306;0,0;0,0;0,0;0,0
2025-07-26;307;0,0;0,0;0,0;0,0
2025-07-27;303;13,2;345,5;171,6;0,27
2025-07-27;304;13,6;346,7;180,5;0,32
2025-07-27;305;13,4;348,2;160,9;0,17
2025-07-27;306;13,1;345,4;171,1;0,17
2025-07-27;307;13,2;345,5;164,9;0,18
2025-07-28;303;15,2;351,0;199,9;0,22
2025-07-28;304;14,8;350,0;198,8;0,14
2025-07-28;305;15,2;353,5;186,9;0,25
2025-07-28;306;15,2;351,2;199,2;0,17
2025-07-28;307;15,0;350,7;184,0;0,28
2025-07-29;303;12,8;344,8;169,4;0,21
2025-07-29;304;12,9;345,0;177,0;0,13
2025-07-29;305;12,9;346,9;159,0;0,22
2025-07-29;306;13,1;345,6;167,1;0,32
2025-07-29;307;13,2;345,6;163,3;0,32
2025-07-30;303;15,6;352,2;206,0;0,28
2025-07-30;304;15,3;351,4;212,6;0,11
2025-07-30;305;15,3;353,7;181,1;0,11
2025-07-30;306;15,0;350,7;196,8;0,19
2025-07-30;307;15,6;352,3;206,5;0,22
2025-07-31;303;13,8;347,2;178,1;0,17
2025-07-31;304;14,0;348,0;180,7;0,21
2025-07-31;305;13,7;349,1;155,5;0,16
2025-07-31;306;13,5;346,5;174,2;0,28
2025-07-31;307;13,2;345,7;161,5;0,16
2025-08-01;303;15,3;351,4;205,3;0,31
2025-08-01;304;15,5;352,0;214,9;0,15
2025-08-01;305;15,3;353,7;185,4;0,3
2025-08-01;306;15,3;351,3;202,9;0,32
2025-08-01;307;15,9;352,9;207,3;0,19
2025-08-02;303;15,8;352,7;214,5;0,15
2025-08-02;304;15,7;352,9;222,2;0,27
2025-08-02;305;16,0;355,7;197,8;0,21
2025-08-02;306;15,8;352,7;216,8;0,3
2025-08-02;307;15,8;352,9;205,2;0,17
2025-08-03;303;14,5;349,3;190,1;0,2
2025-08-03;304;14,3;348,9;187,5;0,26
2025-08-03;305;15,0;352,9;177,8;0,3
2025-08-03;306;14,6;349,5;186,9;0,21
2025-08-03;307;14,5;349,2;174,6;0,12
2025-08-04;303;15,4;351,5;206,1;0,2
2025-08-04;304;15,6;352,3;214,3;0,11
2025-08-04;305;16,1;356,1;202,8;0,15
2025-08-04;306;15,5;352,1;205,7;0,22
2025-08-04;307;15,6;352,2;198,2;0,17
2025-08-05;303;13,4;346,1;178,9;0,23
2025-08-05;304;14,4;349,0;191,0;0,31
2025-08-05;305;14,2;350,6;162,4;0,27
2025-08-05;306;14,3;348,8;184,2;0,26
2025-08-05;307;14,3;348,7;170,7;0,1
2025-08-06;303;13,6;346,7;174,4;0,22
2025-08-06;304;13,8;347,4;182,9;0,12
2025-08-06;305;14,0;349,9;161,9;0,28
2025-08-06;306;14,3;348,8;182,6;0,24
2025-08-06;307;14,1;348,0;166,9;0,18
2025-08-07;303;15,7;352,5;215,1;0,17
2025-08-07;304;15,3;351,6;214,4;0,28
2025-08-07;305;15,9;355,5;198,7;0,24
2025-08-07;306;15,9;353,0;220,6;0,21
2025-08-07;307;15,9;353,2;205,8;0,22
2025-08-08;303;13,7;347,0;176,3;0,28
2025-08-08;304;13,7;347,1;183,2;0,2
2025-08-08;305;13,7;349,1;158,8;0,11
2025-08-08;306;13,8;347,4;176,9;0,2
2025-08-08;307;13,6;346,8;163,6;0,14
2025-08-09;303;15,2;351,1;201,6;0,17
2025-08-09;304;15,5;352,0;218,5;0,15
2025-08-09;305;15,6;354,5;193,0;0,21
2025-08-09;306;15,1;350,9;202,5;0,31
2025-08-09;307;15,0;350,5;187,4;0,3
2025-08-10;303;14,8;350,1;193,2;0,25
2025-08-10;304;14,8;350,3;197,3;0,25
2025-08-10;305;14,7;351,8;172,5;0,3
2025-08-10;306;14,7;349,9;195,1;0,3
2025-08-10;307;14,6;349,7;183,9;0,12
2025-08-11;303;14,4;349,1;185,5;0,25
2025-08-11;304;14,1;348,0;187,7;0,31
2025-08-11;305;14,2;350,6;165,6;0,31
2025-08-11;306;14,0;348,0;175,6;0,16
2025-08-11;307;14,3;348,6;172,4;0,17
2025-08-12;303;14,8;350,0;191,3;0,28
2025-08-12;304;14,6;349,6;187,2;0,15
2025-08-12;305;14,8;352,4;171,7;0,3
2025-08-12;306;14,4;349,0;188,3;0,2
2025-08-12;307;14,6;349,5;179,1;0,11
2025-08-13;303;15,4;351,8;201,6;0,17
2025-08-13;304;15,6;352,2;220,1;0,26
2025-08-13;305;15,3;353,7;186,2;0,27
2025-08-13;306;15,6;352,3;211,6;0,12
2025-08-13;307;15,6;352,1;200,5;0,15
2025-08-14;303;14,0;347,9;175,5;0,18
2025-08-14;304;14,1;348,2;183,1;0,26
2025-08-14;305;14,1;350,3;161,0;0,19
2025-08-14;306;13,7;347,1;176,0;0,14
2025-08-14;307;13,7;346,9;166,1;0,17
2025-08-15;303;14,3;348,6;183,9;0,25
2025-08-15;304;14,3;348,9;186,1;0,29
2025-08-15;305;14,1;350,1;162,8;0,2
2025-08-15;306;14,0;347,8;175,1;0,28
2025-08-15;307;14,3;348,5;170,9;0,3
2025-08-16;303;16,0;353,2;225,4;0,15
2025-08-16;304;15,3;351,4;209,0;0,31
2025-08-16;305;15,8;355,0;199,0;0,15
2025-08-16;306;15,8;352,7;217,8;0,13
2025-08-16;307;15,3;351,3;194,2;0,27
2025-08-17;303;14,5;349,2;183,7;0,2
2025-08-17;304;15,3;351,4;209,6;0,24
2025-08-17;305;14,5;351,4;169,8;0,18
2025-08-17;306;14,9;350,4;194,6;0,31
2025-08-17;307;14,7;349,9;181,6;0,23
2025-08-18;303;15,0;350,5;197,1;0,19
2025-08-18;304;15,2;351,1;211,4;0,21
2025-08-18;305;15,0;352,9;179,1;0,31
2025-08-18;306;14,8;350,0;190,7;0,11
2025-08-18;307;15,3;351,4;192,2;0,19
2025-08-19;303;15,1;350,8;206,1;0,19
2025-08-19;304;15,4;351,5;211,9;0,15
2025-08-19;305;15,1;353,1;184,1;0,18
2025-08-19;306;15,0;350,6;204,3;0,24
2025-08-19;307;14,8;350,2;185,6;0,29
2025-08-20;303;14,8;350,1;191,4;0,27
2025-08-20;304;14,8;350,1;195,2;0,27
2025-08-20;305;15,0;352,8;175,8;0,23
2025-08-20;306;14,6;349,5;186,6;0,22
2025-08-20;307;14,7;349,8;184,4;0,23
2025-08-21;303;13,3;345,9;171,8;0,16
2025-08-21;304;13,6;347,0;182,1;0,24
2025-08-21;305;13,7;349,2;160,9;0,19
2025-08-21;306;13,4;346,3;171,9;0,22
2025-08-21;307;13,6;346,7;167,8;0,17
2025-08-22;303;12,9;344,9;169,2;0,21
2025-08-22;304;13,2;345,9;178,3;0,18
2025-08-22;305;12,7;346,4;155,2;0,15
2025-08-22;306;13,1;345,5;172,3;0,18
2025-08-22;307;13,0;345,2;161,4;0,25
2025-08-23;303;13,6;346,8;178,4;0,15
2025-08-23;304;13,8;347,2;180,2;0,22
2025-08-23;305;13,8;349,3;160,4;0,1
2025-08-23;306;13,9;347,6;177,3;0,12
2025-08-23;307;13,6;347,0;166,1;0,25
2025-08-24;303;15,8;352,5;215,9;0,19
2025-08-24;304;15,5;352,0;214,4;0,31
2025-08-24;305;15,3;353,6;187,6;0,15
2025-08-24;306;16,2;353,8;226,1;0,32
2025-08-24;307;15,7;352,4;208,6;0,19
2025-08-25;303;14,1;348,2;179,5;0,3
2025-08-25;304;13,8;347,4;180,1;0,2
2025-08-25;305;13,5;348,8;160,1;0,31
2025-08-25;306;14,5;349,4;185,8;0,21
2025-08-25;307;13,9;347,6;162,8;0,31
2025-08-26;303;15,3;351,7;208,0;0,23
2025-08-26;304;15,3;351,3;209,5;0,29
2025-08-26;305;15,3;353,6;193,2;0,3
2025-08-26;306;15,2;351,2;199,0;0,22
2025-08-26;307;15,2;351,2;190,6;0,21
2025-08-27;303;15,5;351,9;208,8;0,16
2025-08-27;304;15,6;352,3;217,4;0,24
2025-08-27;305;15,6;354,5;188,3;0,3
2025-08-27;306;15,8;352,7;215,7;0,2
2025-08-27;307;15,6;352,4;203,1;0,26
2025-08-28;303;13,9;347,4;175,5;0,24
2025-08-28;304;13,8;347,4;180,3;0,14
2025-08-28;305;14,2;350,5;162,1;0,24
2025-08-28;306;14,0;347,9;178,2;0,19
2025-08-28;307;13,8;347,4;169,0;0,18
2025-08-29;303;15,3;351,4;203,9;0,32
2025-08-29;304;15,2;351,3;203,2;0,24
2025-08-29;305;14,5;351,4;172,5;0,2
2025-08-29;306;15,6;352,4;212,0;0,16
2025-08-29;307;15,0;350,7;187,2;0,28
2025-08-30;303;13,3;346,0;172,2;0,2
2025-08-30;304;13,4;346,4;171,8;0,21
2025-08-30;305;13,7;349,2;157,4;0,13
2025-08-30;306;13,5;346,6;178,8;0,21
2025-08-30;307;13,7;347,1;169,2;0,31
2025-08-31;303;13,3;346,1;173,0;0,18
2025-08-31;304;13,4;346,4;180,5;0,24
2025-08-31;305;13,4;348,2;159,6;0,31
2025-08-31;306;13,8;347,4;178,7;0,29
2025-08-31;307;13,2;345,6;167,0;0,23
2025-09-01;303;15,5;352,0;207,9;0,3
2025-09-01;304;16,1;353,7;221,7;0,14
2025-09-01;305;15,6;354,8;194,9;0,2
2025-09-01;306;15,6;352,2;209,3;0,18
2025-09-01;307;15,8;352,7;206,2;0,18
2025-09-02;303;15,0;350,6;195,7;0,23
2025-09-02;304;15,0;350,8;203,0;0,18
2025-09-02;305;15,1;353,3;181,2;0,28
2025-09-02;306;15,4;351,8;209,7;0,12
2025-09-02;307;15,1;350,8;194,0;0,16
2025-09-03;303;15,8;352,8;215,7;0,11
2025-09-03;304;15,9;353,0;226,8;0,31
2025-09-03;305;15,5;354,2;188,2;0,16
2025-09-03;306;15,7;352,5;216,8;0,2
2025-09-03;307;15,7;352,5;204,6;0,15
2025-09-04;303;14,8;350,1;196,0;0,24
2025-09-04;304;14,8;350,1;200,8;0,19
2025-09-04;305;15,3;353,7;184,9;0,1
2025-09-04;306;15,1;350,7;202,2;0,18
2025-09-04;307;14,9;350,3;186,3;0,25
2025-09-05;303;14,2;348,4;184,4;0,13
2025-09-05;304;14,2;348,4;193,9;0,11
2025-09-05;305;14,3;351,0;169,3;0,23
2025-09-05;306;13,7;347,1;174,3;0,21
2025-09-05;307;14,1;347,9;169,3;0,22
2025-09-06;303;15,4;351,7;210,5;0,25
2025-09-06;304;15,4;351,5;212,2;0,11
2025-09-06;305;15,3;353,7;187,3;0,19
2025-09-06;306;15,5;352,0;209,2;0,12
2025-09-06;307;15,2;351,2;192,3;0,24
2025-09-07;303;14,2;348,4;183,7;0,29
2025-09-07;304;13,9;347,7;181,6;0,24
2025-09-07;305;14,2;350,6;162,8;0,18
2025-09-07;306;13,8;347,3;173,4;0,19
2025-09-07;307;13,7;347,0;166,7;0,18
2025-09-08;303;15,6;352,2;210,4;0,28
2025-09-08;304;15,2;351,1;209,4;0,11
2025-09-08;305;15,7;355,1;194,6;0,14
2025-09-08;306;15,4;351,6;207,9;0,26
2025-09-08;307;15,1;350,7;189,2;0,11
2025-09-09;303;14,0;348,1;177,4;0,24
2025-09-09;304;14,1;348,3;188,2;0,2
2025-09-09;305;14,2;350,5;168,3;0,3
2025-09-09;306;14,0;348,0;177,3;0,22
2025-09-09;307;13,8;347,3;169,2;0,16
2025-09-10;303;15,1;351,0;199,7;0,26
2025-09-10;304;15,2;351,1;206,5;0,28
2025-09-10;305;15,4;354,1;187,3;0,29
2025-09-10;306;15,5;352,0;207,3;0,29
2025-09-10;307;15,2;351,1;194,5;0,25
2025-09-11;303;15,7;352,4;214,6;0,3
2025-09-11;304;16,0;353,4;225,0;0,24
2025-09-11;305;15,5;354,4;188,0;0,18
2025-09-11;306;15,6;352,0;210,3;0,28
2025-09-11;307;15,7;352,4;206,9;0,12
2025-09-12;303;16,0;353,1;222,5;0,31
2025-09-12;304;15,9;353,1;226,6;0,13
2025-09-12;305;15,7;354,9;197,3;0,14
2025-09-12;306;15,6;352,2;213,7;0,15
2025-09-12;307;16,0;353,3;208,9;0,31
2025-09-13;303;15,3;351,5;208,2;0,32
2025-09-13;304;14,7;349,8;197,7;0,18
2025-09-13;305;14,8;352,3;175,8;0,3
2025-09-13;306;15,1;351,0;201,6;0,26
2025-09-13;307;15,2;351,2;190,3;0,3
2025-09-14;303;14,6;349,5;188,9;0,26
2025-09-14;304;14,5;349,3;188,9;0,32
2025-09-14;305;14,5;351,4;171,5;0,18
2025-09-14;306;14,4;348,9;187,3;0,11
2025-09-14;307;14,3;348,7;177,1;0,15
2025-09-15;303;14,9;350,4;193,9;0,2
2025-09-15;304;14,7;349,8;193,7;0,22
2025-09-15;305;14,8;352,5;175,0;0,17
2025-09-15;306;14,8;350,0;190,9;0,28
2025-09-15;307;14,5;349,4;178,5;0,27
2025-09-16;303;15,7;352,5;216,3;0,26
2025-09-16;304;15,3;351,4;213,4;0,23
2025-09-16;305;15,3;353,7;188,9;0,22
2025-09-16;306;15,4;351,7;202,1;0,28
2025-09-16;307;15,6;352,1;203,2;0,17
2025-09-17;303;12,9;345,0;169,4;0,21
2025-09-17;304;13,2;345,7;175,6;0,25
2025-09-17;305;13,4;348,3;159,0;0,26
2025-09-17;306;13,2;345,7;173,4;0,11
2025-09-17;307;13,5;346,3;168,0;0,2
2025-09-18;303;15,7;352,6;215,7;0,29
2025-09-18;304;15,4;351,9;213,2;0,21
2025-09-18;305;15,5;354,5;192,4;0,25
2025-09-18;306;15,4;351,6;210,7;0,23
2025-09-18;307;15,7;352,5;209,6;0,2
2025-09-19;303;14,2;348,4;185,7;0,22
2025-09-19;304;14,3;348,8;186,6;0,27
2025-09-19;305;14,2;350,5;167,5;0,3
2025-09-19;306;14,2;348,4;182,3;0,13
2025-09-19;307;13,9;347,4;164,6;0,12
2025-09-20;303;13,7;347,0;175,7;0,26
2025-09-20;304;14,2;348,5;184,5;0,25
2025-09-20;305;13,5;348,7;158,8;0,1
2025-09-20;306;14,3;348,7;188,3;0,13
2025-09-20;307;14,2;348,4;171,7;0,23
2025-09-21;303;13,2;345,7;171,6;0,24
2025-09-21;304;13,3;346,0;181,2;0,23
2025-09-21;305;13,2;347,9;161,7;0,18
2025-09-21;306;13,4;346,1;171,4;0,19
2025-09-21;307;13,1;345,5;166,2;0,13
2025-09-22;303;13,7;347,1;172,1;0,11
2025-09-22;304;14,1;348,3;188,4;0,2
2025-09-22;305;14,1;350,5;164,1;0,28
2025-09-22;306;13,8;347,2;178,9;0,21
2025-09-22;307;14,2;348,4;168,1;0,16
2025-09-23;303;15,2;351,2;199,1;0,2
2025-09-23;304;14,8;350,3;194,4;0,21
2025-09-23;305;14,8;352,4;179,1;0,18
2025-09-23;306;15,1;351,0;196,3;0,12
2025-09-23;307;15,3;351,5;195,0;0,3
2025-09-24;303;15,2;351,1;205,1;0,17
2025-09-24;304;15,4;351,8;214,2;0,15
2025-09-24;305;15,4;354,1;189,8;0,17
2025-09-24;306;15,2;351,3;206,0;0,27
2025-09-24;307;15,2;351,2;193,8;0,2
2025-09-25;303;16,0;353,3;217,8;0,21
2025-09-25;304;15,6;352,2;216,6;0,27
2025-09-25;305;15,6;354,6;194,2;0,29
2025-09-25;306;15,6;352,5;213,4;0,13
2025-09-25;307;15,4;351,8;193,8;0,2
2025-09-26;303;13,3;346,0;173,3;0,14
2025-09-26;304;13,5;346,5;179,1;0,13
2025-09-26;305;13,5;348,7;161,5;0,22
2025-09-26;306;13,2;345,9;177,3;0,28
2025-09-26;307;13,6;346,8;165,4;0,19
2025-09-27;303;15,1;350,8;199,4;0,15
2025-09-27;304;15,2;350,9;209,6;0,31
2025-09-27;305;15,3;353,9;189,5;0,26
2025-09-27;306;15,3;351,7;204,6;0,29
2025-09-27;307;15,4;351,8;198,0;0,21
2025-09-28;303;13,5;346,7;174,1;0,24
2025-09-28;304;13,9;347,7;182,7;0,14
2025-09-28;305;13,5;348,7;153,8;0,32
2025-09-28;306;13,9;347,8;178,2;0,15
2025-09-28;307;13,8;347,4;168,9;0,26
2025-09-29;303;15,0;350,6;200,8;0,13
2025-09-29;304;15,2;351,3;208,6;0,2
2025-09-29;305;15,3;353,7;189,4;0,26
2025-09-29;306;15,1;350,8;201,7;0,18
2025-09-29;307;14,8;350,2;184,9;0,25
2025-09-30;303;16,0;353,5;221,6;0,21
2025-09-30;304;15,9;353,2;224,1;0,21
2025-09-30;305;16,0;355,8;201,5;0,17
2025-09-30;306;15,4;351,8;209,7;0,11
2025-09-30;307;16,0;353,2;211,8;0,16
2025-10-01;303;14,6;349,5;194,9;0,17
2025-10-01;304;14,5;349,4;191,8;0,23
2025-10-01;305;14,9;352,5;177,2;0,26
2025-10-01;306;14,9;350,4;200,8;0,12
2025-10-01;307;14,7;349,7;181,4;0,31
2025-10-02;303;16,1;353,7;218,5;0,3
2025-10-02;304;16,1;353,8;229,1;0,19
2025-10-02;305;16,1;356,2;203,9;0,12
2025-10-02;306;15,8;352,8;217,3;0,31
2025-10-02;307;16,0;353,3;205,5;0,28
2025-10-03;303;15,8;352,6;216,0;0,29
2025-10-03;304;15,6;352,3;217,5;0,24
2025-10-03;305;15,8;355,3;197,5;0,25
2025-10-03;306;15,6;352,1;208,6;0,14
2025-10-03;307;15,5;351,8;200,6;0,23
2025-10-04;303;13,1;345,4;174,3;0,18
2025-10-04;304;13,2;345,7;179,3;0,1
2025-10-04;305;13,4;348,3;161,1;0,26
2025-10-04;306;13,4;346,3;179,7;0,21
2025-10-04;307;13,4;346,4;168,0;0,2
2025-10-05;303;14,1;348,1;180,6;0,2
2025-10-05;304;13,7;347,2;175,8;0,32
2025-10-05;305;13,8;349,3;161,0;0,28
2025-10-05;306;13,9;347,6;178,6;0,16
2025-10-05;307;14,1;348,1;170,5;0,24
2025-10-06;303;14,0;348,0;176,6;0,3
2025-10-06;304;14,4;349,0;191,2;0,19
2025-10-06;305;14,4;351,4;168,0;0,13
2025-10-06;306;14,2;348,5;183,2;0,19
2025-10-06;307;14,3;348,8;173,5;0,14
2025-10-07;303;14,1;348,2;184,3;0,21
2025-10-07;304;14,5;349,4;191,8;0,24
2025-10-07;305;14,2;350,7;165,1;0,18
2025-10-07;306;14,1;348,2;180,9;0,3
2025-10-07;307;14,2;348,3;176,2;0,28
2025-10-08;303;14,2;348,4;178,3;0,25
2025-10-08;304;14,1;348,3;183,3;0,18
2025-10-08;305;14,1;350,2;163,0;0,31
2025-10-08;306;14,3;348,8;187,8;0,13
2025-10-08;307;14,3;348,7;177,7;0,19
2025-10-09;303;14,9;350,2;198,7;0,21
2025-10-09;304;15,0;350,5;209,3;0,13
2025-10-09;305;14,9;352,7;177,3;0,32
2025-10-09;306;15,3;351,5;206,1;0,11
2025-10-09;307;15,3;351,3;198,4;0,13
2025-10-10;303;13,0;345,1;171,6;0,12
2025-10-10;304;13,5;346,8;180,6;0,15
2025-10-10;305;13,3;348,1;158,1;0,27
2025-10-10;306;13,5;346,5;176,9;0,23
2025-10-10;307;13,3;346,0;163,8;0,14
2025-10-11;303;14,8;350,0;198,7;0,11
2025-10-11;304;14,3;348,8;195,6;0,18
2025-10-11;305;14,9;352,7;182,6;0,29
2025-10-11;306;14,9;350,5;197,5;0,32
2025-10-11;307;14,9;350,2;182,7;0,24
2025-10-12;303;14,1;348,3;183,3;0,14
2025-10-12;304;13,9;347,9;182,6;0,12
2025-10-12;305;13,7;349,2;161,1;0,15
2025-10-12;306;13,9;347,5;177,6;0,28
2025-10-12;307;13,8;347,3;166,0;0,3
2025-10-13;303;13,9;347,7;183,8;0,11
2025-10-13;304;13,6;347,0;180,6;0,14
2025-10-13;305;14,0;350,1;160,8;0,16
2025-10-13;306;13,6;346,7;179,5;0,1
2025-10-13;307;13,7;347,0;168,6;0,27
2025-10-14;303;16,0;353,4;221,2;0,13
2025-10-14;304;15,5;351,9;214,7;0,15
2025-10-14;305;15,9;355,4;203,5;0,26
2025-10-14;306;15,9;353,1;224,4;0,26
2025-10-14;307;15,9;353,1;207,7;0,24
2025-10-15;303;15,9;353,2;217,8;0,19
2025-10-15;304;15,9;353,0;225,6;0,3
2025-10-15;305;15,9;355,6;196,3;0,27
2025-10-15;306;15,8;352,6;216,5;0,11
2025-10-15;307;16,1;353,6;210,9;0,24
2025-10-16;303;15,2;351,1;201,3;0,32
2025-10-16;304;15,3;351,8;211,6;0,17
2025-10-16;305;15,3;353,8;192,5;0,14
2025-10-16;306;15,2;351,2;200,2;0,15
2025-10-16;307;15,1;350,9;191,1;0,11
2025-10-17;303;13,8;347,3;177,4;0,16
2025-10-17;304;13,8;347,4;176,9;0,23
2025-10-17;305;13,7;349,4;159,0;0,27
2025-10-17;306;13,7;347,0;177,4;0,28
2025-10-17;307;13,5;346,5;164,6;0,12
2025-10-18;303;13,0;345,3;171,9;0,11
2025-10-18;304;13,2;345,9;181,1;0,26
2025-10-18;305;12,8;346,8;154,7;0,1
2025-10-18;306;13,5;346,6;183,0;0,19
2025-10-18;307;13,1;345,5;161,0;0,27
2025-10-19;303;14,1;348,5;180,7;0,26
2025-10-19;304;14,0;347,9;189,1;0,23
2025-10-19;305;14,1;350,5;169,1;0,19
2025-10-19;306;14,2;348,4;182,5;0,29
2025-10-19;307;14,2;348,4;172,7;0,2
2025-10-20;303;14,1;348,1;185,2;0,27
2025-10-20;304;13,7;347,2;181,1;0,21
2025-10-20;305;14,0;350,1;159,8;0,21
2025-10-20;306;14,1;348,3;184,3;0,2
2025-10-20;307;14,1;348,1;171,3;0,27
2025-10-21;303;15,0;350,7;200,5;0,19
2025-10-21;304;15,1;350,9;208,5;0,13
2025-10-21;305;15,1;353,3;181,0;0,13
2025-10-21;306;15,0;350,5;203,8;0,31
2025-10-21;307;15,2;351,0;197,5;0,15
2025-10-22;303;15,5;352,0;204,9;0,18
2025-10-22;304;15,5;352,1;215,5;0,31
2025-10-22;305;16,0;356,0;199,5;0,1
2025-10-22;306;15,8;352,8;215,0;0,19
2025-10-22;307;15,8;352,9;204,5;0,22
2025-10-23;303;15,3;351,1;200,6;0,27
2025-10-23;304;15,4;351,8;217,4;0,29
2025-10-23;305;15,7;355,1;196,0;0,21
2025-10-23;306;15,2;351,3;206,0;0,13
2025-10-23;307;15,3;351,4;192,8;0,26
2025-10-24;303;13,5;346,5;175,3;0,12
2025-10-24;304;13,0;345,3;173,4;0,27
2025-10-24;305;13,4;348,5;158,7;0,27
2025-10-24;306;13,4;346,3;180,1;0,32
2025-10-24;307;13,1;345,5;164,1;0,25
2025-10-25;303;15,9;353,2;222,0;0,23
2025-10-25;304;16,0;353,4;229,3;0,23
2025-10-25;305;16,1;356,2;202,2;0,22
2025-10-25;306;15,9;353,0;217,6;0,25
2025-10-25;307;15,8;352,5;205,1;0,23
2025-10-26;303;13,4;346,2;175,2;0,21
2025-10-26;304;13,8;347,3;182,0;0,17
2025-10-26;305;13,6;348,9;161,3;0,29
2025-10-26;306;14,0;348,1;175,4;0,2
2025-10-26;307;13,8;347,5;171,1;0,19
2025-10-27;303;15,2;351,2;207,8;0,3
2025-10-27;304;14,6;349,5;197,4;0,11
2025-10-27;305;15,3;354,0;189,3;0,14
2025-10-27;306;15,2;351,0;204,8;0,17
2025-10-27;307;15,5;351,7;203,0;0,2
2025-10-28;303;13,2;345,6;173,8;0,16
2025-10-28;304;12,9;345,1;179,4;0,13
2025-10-28;305;13,2;348,1;158,8;0,2
2025-10-28;306;12,6;344,3;169,7;0,26
2025-10-28;307;13,4;346,0;163,5;0,25
2025-10-29;303;15,7;352,5;214,6;0,13
2025-10-29;304;15,7;352,6;220,1;0,24
2025-10-29;305;15,4;354,1;192,8;0,18
2025-10-29;306;15,6;352,4;212,1;0,19
2025-10-29;307;16,1;353,5;211,6;0,24
2025-10-30;303;13,5;346,7;178,2;0,21
2025-10-30;304;13,9;347,8;182,2;0,26
2025-10-30;305;13,9;349,9;161,4;0,23
2025-10-30;306;13,7;347,1;177,0;0,23
2025-10-30;307;13,9;347,4;165,7;0,3
2025-10-31;303;13,9;347,7;178,7;0,21
2025-10-31;304;13,9;347,6;182,7;0,28
2025-10-31;305;14,2;350,8;168,8;0,19
2025-10-31;306;14,1;348,2;179,5;0,25
2025-10-31;307;14,2;348,3;176,8;0,15
2025-11-01;303;13,4;346,4;177,5;0,22
2025-11-01;304;13,5;346,6;180,3;0,18
2025-11-01;305;13,1;347,6;158,0;0,11
2025-11-01;306;12,7;344,3;169,8;0,23
2025-11-01;307;13,3;346,1;165,8;0,1
2025-11-02;303;15,1;350,8;199,3;0,24
2025-11-02;304;15,0;350,7;205,4;0,17
2025-11-02;305;14,9;352,8;175,4;0,12
2025-11-02;306;14,8;350,0;198,6;0,23
2025-11-02;307;14,8;350,1;184,5;0,16
2025-11-03;303;15,6;352,3;210,4;0,15
2025-11-03;304;15,9;353,0;226,3;0,12
2025-11-03;305;15,7;355,2;200,8;0,14
2025-11-03;306;15,8;352,9;217,0;0,23
2025-11-03;307;15,7;352,6;193,8;0,14
2025-11-04;303;15,1;350,9;202,9;0,16
2025-11-04;304;15,3;351,4;208,7;0,27
2025-11-04;305;15,1;353,3;184,0;0,2
2025-11-04;306;15,0;350,7;197,6;0,19
2025-11-04;307;15,0;350,6;187,4;0,27
2025-11-05;303;13,2;345,6;173,1;0,14
2025-11-05;304;13,1;345,7;178,7;0,31
2025-11-05;305;13,2;347,7;160,9;0,3
2025-11-05;306;13,0;345,1;171,7;0,17
2025-11-05;307;13,3;346,2;167,9;0,1
2025-11-06;303;13,6;346,9;178,1;0,18
2025-11-06;304;13,4;346,4;178,8;0,26
2025-11-06;305;13,5;348,7;157,7;0,14
2025-11-06;306;13,3;346,2;176,1;0,3
2025-11-06;307;13,6;347,0;165,8;0,27
2025-11-07;303;15,5;352,1;214,8;0,13
2025-11-07;304;16,1;353,7;225,5;0,14
2025-11-07;305;16,1;356,1;209,0;0,28
2025-11-07;306;15,8;352,7;204,4;0,26
2025-11-07;307;16,1;353,4;217,5;0,23
2025-11-08;303;16,2;353,9;227,1;0,16
2025-11-08;304;15,7;352,8;215,2;0,22
2025-11-08;305;15,8;355,3;198,2;0,18
2025-11-08;306;15,9;353,1;222,8;0,25
2025-11-08;307;15,9;352,9;205,0;0,11
2025-11-09;303;15,5;351,9;209,1;0,17
2025-11-09;304;15,4;352,0;214,1;0,24
2025-11-09;305;15,5;354,3;195,5;0,14
2025-11-09;306;15,6;352,2;215,6;0,23
2025-11-09;307;15,4;351,8;198,4;0,28
2025-11-10;303;14,0;347,9;181,5;0,13
2025-11-10;304;14,2;348,5;187,6;0,3
2025-11-10;305;14,5;351,6;173,1;0,15
2025-11-10;306;14,4;349,0;183,5;0,18
2025-11-10;307;14,6;349,5;181,3;0,31
2025-11-11;303;13,4;346,2;173,3;0,14
2025-11-11;304;13,5;346,5;183,9;0,28
2025-11-11;305;13,5;348,7;158,9;0,28
2025-11-11;306;13,4;346,3;175,5;0,26
2025-11-11;307;13,0;345,3;166,3;0,27
2025-11-12;303;15,6;352,3;217,3;0,15
2025-11-12;304;15,7;352,7;222,1;0,2
2025-11-12;305;16,0;356,0;200,5;0,21
2025-11-12;306;16,0;353,4;226,5;0,2
2025-11-12;307;16,0;353,3;206,8;0,32
2025-11-13;303;15,5;351,9;209,9;0,15
2025-11-13;304;15,5;352,0;214,8;0,19
2025-11-13;305;15,4;354,4;190,4;0,13
2025-11-13;306;15,5;352,0;208,3;0,24
2025-11-13;307;15,2;351,3;192,7;0,28
2025-11-14;303;13,7;347,1;176,2;0,1
2025-11-14;304;14,0;348,2;181,9;0,15
2025-11-14;305;13,9;350,0;157,9;0,23
2025-11-14;306;13,8;347,5;179,2;0,27
2025-11-14;307;14,2;348,4;177,3;0,11
2025-11-15;303;15,3;351,5;209,9;0,23
2025-11-15;304;15,5;352,2;216,6;0,19
2025-11-15;305;15,4;354,1;190,1;0,18
2025-11-15;306;15,6;352,2;208,8;0,2
2025-11-15;307;15,5;352,0;198,8;0,17
2025-11-16;303;14,1;348,2;181,1;0,23
2025-11-16;304;14,0;347,9;184,2;0,13
2025-11-16;305;13,8;349,8;159,3;0,18
2025-11-16;306;13,5;346,4;175,8;0,26
2025-11-16;307;14,0;348,0;165,2;0,21
2025-11-17;303;14,7;349,6;192,4;0,22
2025-11-17;304;15,1;350,9;207,3;0,12
2025-11-17;305;14,7;352,0;174,7;0,23
2025-11-17;306;15,1;350,9;204,1;0,16
2025-11-17;307;14,7;349,8;182,9;0,3
2025-11-18;303;15,3;351,5;202,2;0,24
2025-11-18;304;15,4;351,6;217,0;0,18
2025-11-18;305;15,6;354,8;195,4;0,3
2025-11-18;306;15,4;351,7;204,7;0,23
2025-11-18;307;15,5;352,0;200,8;0,12
2025-11-19;303;15,3;351,3;204,2;0,15
2025-11-19;304;15,7;352,6;222,7;0,26
2025-11-19;305;15,6;354,8;195,4;0,21
2025-11-19;306;15,2;351,4;205,7;0,24
2025-11-19;307;15,4;351,6;194,3;0,19
2025-11-20;303;14,3;348,5;185,2;0,27
2025-11-20;304;13,9;347,7;183,5;0,15
2025-11-20;305;14,1;350,5;167,3;0,25
2025-11-20;306;13,8;347,4;174,4;0,27
2025-11-20;307;14,0;347,9;167,0;0,21
2025-11-21;303;13,0;345,3;174,8;0,13
2025-11-21;304;13,2;346,0;178,7;0,23
2025-11-21;305;12,9;346,9;154,2;0,14
2025-11-21;306;12,9;345,0;171,1;0,27
2025-11-21;307;13,3;346,0;167,2;0,15
2025-11-22;303;14,1;348,3;181,9;0,21
2025-11-22;304;14,8;350,1;201,3;0,31
2025-11-22;305;13,8;349,7;161,2;0,25
2025-11-22;306;14,4;349,1;187,1;0,3
2025-11-22;307;13,9;347,6;170,2;0,32
2025-11-23;303;14,4;349,1;189,6;0,11
2025-11-23;304;14,6;349,7;194,1;0,29
2025-11-23;305;14,4;351,4;167,4;0,12
2025-11-23;306;14,2;348,5;184,1;0,11
2025-11-23;307;14,5;349,4;182,3;0,15
2025-11-24;303;15,5;351,8;211,0;0,14
2025-11-24;304;15,0;350,6;205,6;0,24
2025-11-24;305;15,4;354,4;194,4;0,16
2025-11-24;306;15,0;350,6;201,1;0,16
2025-11-24;307;15,1;350,7;190,4;0,22
2025-11-25;303;14,1;348,2;184,8;0,25
2025-11-25;304;14,4;349,0;190,4;0,19
2025-11-25;305;14,8;352,3;177,3;0,16
2025-11-25;306;14,7;349,9;194,6;0,12
2025-11-25;307;14,8;350,0;184,2;0,15
2025-11-26;303;13,1;345,5;173,9;0,21
2025-11-26;304;13,2;345,6;180,5;0,16
2025-11-26;305;13,1;347,8;156,7;0,31
2025-11-26;306;12,9;344,9;174,2;0,3
2025-11-26;307;12,6;344,1;157,8;0,14
2025-11-27;303;14,4;349,1;187,5;0,27
2025-11-27;304;14,6;349,5;195,8;0,13
2025-11-27;305;15,1;353,4;181,5;0,13
2025-11-27;306;14,9;350,4;198,6;0,11
2025-11-27;307;15,0;350,5;185,3;0,23
2025-11-28;303;14,4;349,0;191,9;0,14
2025-11-28;304;14,8;350,1;195,4;0,1
2025-11-28;305;14,2;350,8;160,9;0,17
2025-11-28;306;14,6;349,7;195,3;0,31
2025-11-28;307;14,8;350,1;185,1;0,25
2025-11-29;303;13,9;347,6;179,8;0,29
2025-11-29;304;13,6;346,8;180,2;0,22
2025-11-29;305;13,5;348,8;159,1;0,2
2025-11-29;306;13,2;345,7;178,5;0,19
2025-11-29;307;14,1;348,2;172,9;0,23
2025-11-30;303;13,1;345,5;174,3;0,16
2025-11-30;304;13,0;345,4;178,5;0,28
2025-11-30;305;13,2;347,9;157,9;0,15
2025-11-30;306;13,0;345,1;173,9;0,22
2025-11-30;307;13,1;345,4;160,1;0,12
2025-12-01;303;15,1;350,9;198,0;0,26
2025-12-01;304;15,3;351,5;211,0;0,15
2025-12-01;305;15,1;353,5;181,4;0,23
2025-12-01;306;14,8;350,0;196,7;0,12
2025-12-01;307;15,3;351,5;192,2;0,16
2025-12-02;303;16,2;353,9;219,8;0,31
2025-12-02;304;15,8;352,7;223,4;0,31
2025-12-02;305;16,0;356,1;205,2;0,21
2025-12-02;306;16,0;353,3;224,4;0,12
2025-12-02;307;15,7;352,5;204,5;0,28
2025-12-03;303;13,8;347,4;173,3;0,11
2025-12-03;304;13,4;346,2;181,0;0,28
2025-12-03;305;13,7;349,4;157,2;0,12
2025-12-03;306;13,4;346,2;171,7;0,28
2025-12-03;307;13,6;346,7;169,1;0,31
2025-12-04;303;14,1;348,2;182,3;0,28
2025-12-04;304;14,2;348,4;186,1;0,15
2025-12-04;305;13,9;350,0;165,1;0,14
2025-12-04;306;14,2;348,7;182,2;0,19
2025-12-04;307;14,1;348,2;172,2;0,15
2025-12-05;303;14,8;350,1;192,7;0,17
2025-12-05;304;14,7;349,8;202,8;0,23
2025-12-05;305;14,4;351,3;172,4;0,16
2025-12-05;306;14,7;349,9;196,8;0,11
2025-12-05;307;14,5;349,3;179,7;0,12
2025-12-06;303;16,1;353,7;220,8;0,14
2025-12-06;304;16,4;354,5;238,1;0,19
2025-12-06;305;16,0;356,1;205,0;0,21
2025-12-06;306;15,9;353,1;215,9;0,16
2025-12-06;307;15,9;353,0;212,9;0,28
2025-12-07;303;15,4;351,8;208,8;0,24
2025-12-07;304;15,4;351,8;213,3;0,14
2025-12-07;305;15,9;355,9;203,0;0,27
2025-12-07;306;15,8;352,9;216,9;0,25
2025-12-07;307;16,0;353,4;210,1;0,13
2025-12-08;303;14,8;350,1;196,7;0,23
2025-12-08;304;14,9;350,4;203,0;0,19
2025-12-08;305;14,8;352,5;180,7;0,14
2025-12-08;306;14,9;350,4;200,6;0,2
2025-12-08;307;14,6;349,5;181,8;0,27
2025-12-09;303;15,4;351,7;212,6;0,12
2025-12-09;304;15,2;351,4;214,6;0,26
2025-12-09;305;15,2;353,7;186,9;0,27
2025-12-09;306;15,3;351,4;206,9;0,12
2025-12-09;307;15,2;351,1;191,8;0,14
2025-12-10;303;15,2;351,3;205,4;0,19
2025-12-10;304;15,2;351,2;211,0;0,27
2025-12-10;305;15,0;353,0;181,1;0,12
2025-12-10;306;15,2;351,2;205,1;0,31
2025-12-10;307;14,9;350,3;186,6;0,26
2025-12-11;303;16,0;353,2;217,0;0,11
2025-12-11;304;16,1;353,6;231,9;0,16
2025-12-11;305;15,8;355,6;197,7;0,19
2025-12-11;306;16,0;353,4;221,4;0,17
2025-12-11;307;15,7;352,4;208,4;0,19
2025-12-12;303;14,1;348,2;181,1;0,28
2025-12-12;304;14,7;349,9;195,3;0,15
2025-12-12;305;14,6;351,9;174,8;0,17
2025-12-12;306;14,6;349,8;189,1;0,19
2025-12-12;307;14,5;349,2;173,7;0,24
2025-12-13;303;14,8;350,1;193,7;0,23
2025-12-13;304;15,5;352,1;213,1;0,14
2025-12-13;305;14,9;352,8;178,6;0,19
2025-12-13;306;14,9;350,2;196,1;0,18
2025-12-13;307;15,2;350,9;191,6;0,16
2025-12-14;303;14,8;350,1;198,0;0,24
2025-12-14;304;14,7;349,9;197,6;0,12
2025-12-14;305;14,4;351,6;170,8;0,1
2025-12-14;306;14,7;349,9;194,4;0,24
2025-12-14;307;14,6;349,5;176,6;0,26
2025-12-15;303;13,3;346,0;173,6;0,17
2025-12-15;304;13,2;345,8;181,9;0,27
2025-12-15;305;13,1;347,7;159,8;0,15
2025-12-15;306;13,5;346,4;177,0;0,17
2025-12-15;307;13,2;345,8;165,5;0,12
2025-12-16;303;14,8;350,1;196,7;0,12
2025-12-16;304;15,2;351,3;209,0;0,25
2025-12-16;305;14,9;353,0;177,9;0,23
2025-12-16;306;15,1;350,9;203,6;0,11
2025-12-16;307;15,4;351,7;196,4;0,21
2025-12-17;303;13,9;347,5;177,4;0,31
2025-12-17;304;14,0;347,9;183,5;0,25
2025-12-17;305;13,7;349,5;161,6;0,13
2025-12-17;306;14,1;348,2;179,4;0,29
2025-12-17;307;13,8;347,3;169,3;0,18
2025-12-18;303;14,9;350,4;200,6;0,12
2025-12-18;304;14,6;349,6;198,4;0,2
2025-12-18;305;14,8;352,7;178,0;0,13
2025-12-18;306;15,0;350,7;194,8;0,22
2025-12-18;307;14,9;350,3;191,7;0,16
2025-12-19;303;13,6;346,8;177,8;0,13
2025-12-19;304;13,1;345,4;177,7;0,2
2025-12-19;305;13,2;348,2;154,3;0,12
2025-12-19;306;13,0;345,3;176,4;0,13
2025-12-19;307;13,6;347,0;166,4;0,11
2025-12-20;303;14,6;349,6;190,0;0,12
2025-12-20;304;15,1;351,0;210,1;0,25
2025-12-20;305;14,5;351,8;170,9;0,17
2025-12-20;306;14,8;350,1;195,2;0,24
2025-12-20;307;15,1;350,9;188,6;0,3
2025-12-21;303;15,5;351,9;215,0;0,21
2025-12-21;304;15,6;352,3;218,7;0,12
2025-12-21;305;15,7;355,1;196,4;0,1
2025-12-21;306;15,4;351,7;211,4;0,14
2025-12-21;307;15,3;351,5;196,7;0,23
2025-12-22;303;14,6;349,7;192,2;0,11
2025-12-22;304;14,9;350,3;206,9;0,3
2025-12-22;305;15,2;353,7;187,3;0,31
2025-12-22;306;15,2;351,2;205,1;0,27
2025-12-22;307;15,1;350,8;196,7;0,29
2025-12-23;303;15,2;351,1;212,7;0,21
2025-12-23;304;15,3;351,6;213,9;0,19
2025-12-23;305;15,4;354,4;190,2;0,31
2025-12-23;306;15,4;351,9;212,3;0,15
2025-12-23;307;15,2;351,0;198,5;0,32
2025-12-24;303;14,0;348,1;178,4;0,14
2025-12-24;304;14,0;348,0;184,8;0,31
2025-12-24;305;13,8;349,9;165,7;0,32
2025-12-24;306;13,8;347,2;179,3;0,1
2025-12-24;307;14,2;348,3;173,0;0,1
2025-12-25;303;14,5;349,4;184,9;0,19
2025-12-25;304;14,1;348,3;187,7;0,3
2025-12-25;305;14,1;350,7;159,8;0,19
2025-12-25;306;13,8;347,4;179,5;0,1
2025-12-25;307;14,1;348,1;173,6;0,23
2025-12-26;303;16,0;353,3;218,9;0,11
2025-12-26;304;16,4;354,5;239,6;0,17
2025-12-26;305;16,2;356,5;211,2;0,21
2025-12-26;306;15,6;352,3;211,8;0,19
2025-12-26;307;16,1;353,5;212,8;0,11
2025-12-27;303;14,9;350,5;197,3;0,23
2025-12-27;304;14,7;349,9;199,1;0,21
2025-12-27;305;14,9;352,8;180,8;0,12
2025-12-27;306;15,2;351,3;202,7;0,31
2025-12-27;307;15,0;350,6;192,2;0,2
2025-12-28;303;15,0;350,7;197,9;0,26
2025-12-28;304;14,7;349,9;199,6;0,25
2025-12-28;305;15,2;353,7;189,4;0,28
2025-12-28;306;14,9;350,6;197,3;0,27
2025-12-28;307;15,0;350,6;185,8;0,12
2025-12-29;303;15,1;351,0;199,8;0,29
2025-12-29;304;15,0;350,6;203,9;0,21
2025-12-29;305;15,3;354,2;184,5;0,1
2025-12-29;306;14,9;350,5;195,1;0,22
2025-12-29;307;15,2;351,2;190,6;0,32
2025-12-30;303;13,4;346,4;174,9;0,31
2025-12-30;304;13,3;346,2;178,8;0,31
2025-12-30;305;12,9;347,2;156,7;0,15
2025-12-30;306;13,2;345,7;170,7;0,16
2025-12-30;307;13,5;346,4;171,8;0,25
2025-12-31;303;14,7;349,8;188,9;0,26
2025-12-31;304;14,9;350,6;203,8;0,24
2025-12-31;305;15,0;353,3;180,4;0,11
2025-12-31;306;15,3;351,4;202,9;0,31
2025-12-31;307;14,9;350,1;189,2;0,12
